Order_ID,Order_Date,Customer_ID,Customer_Name,Gender,Age,City,Region,Product_ID,Product_Name,Category,Quantity,Unit_Price,Discount,Payment_Method,Order_Status
ORD0001,2026-01-13,C011,Mehedi Hasan,Male,28,Chattogram,East,P002,Headphones,Electronics,2,3500,0.0,Card,Completed
ORD0002,2026-02-14,C012,Sumaiya Noor,Female,30,Dhaka,Central,P002,Headphones,Electronics,4,3500,0.0,Cash,Completed
ORD0003,2026-09-16,C004,Sadia Islam,Female,26,Sylhet,East,P004,Office Chair,Furniture,1,12000,10.0,Card,Cancelled
ORD0004,2026-08-18,C007,Arif Hossain,Male,38,Dhaka,Central,P004,Office Chair,Furniture,2,12000,0.0,Card,Pending
ORD0005,2026-03-21,C006,Mim Akter,Female,23,Khulna,South,P005,Desk,Furniture,2,18000,0.0,Cash,Completed
ORD0006,2026-07-03,C007,Arif Hossain,Male,38,Dhaka,Central,P002,Headphones,Electronics,3,3500,10.0,bKash,Completed
ORD0007,2026-03-05,C012,Sumaiya Noor,Female,30,Dhaka,Central,P008,Backpack,Accessories,4,2800,0.0,Bank Transfer,Completed
ORD0008,2026-07-05,C014,Rima Yasmin,Female,25,Khulna,South,P011,Webcam,Electronics,2,5500,15.0,Cash,Completed
ORD0009,2026-05-29,C011,Mehedi Hasan,Male,28,Chattogram,East,P004,Office Chair,Furniture,1,12000,0.0,Cash,Pending
ORD0010,2026-07-06,C005,Fahim Rahman,Male,31,Rajshahi,North,P008,Backpack,Accessories,1,2800,0.0,bKash,Completed
ORD0011,2026-02-06,C011,Mehedi Hasan,Male,28,Chattogram,East,P005,Desk,Furniture,1,18000,10.0,Card,Completed
ORD0012,2026-05-19,C008,Jannatul Ferdous,Female,27,Barishal,South,P007,Monitor,Electronics,2,22000,15.0,bKash,Completed
ORD0013,2026-06-11,C004,Sadia Islam,Female,26,Sylhet,East,P001,Laptop,Electronics,4,85000,0.0,Cash,Completed
ORD0014,2026-06-11,C015,Nayeem Islam,Male,33,Sylhet,East,P010,Bookshelf,Furniture,2,9500,15.0,Nagad,Pending
ORD0015,2026-08-23,C015,Nayeem Islam,Male,33,Sylhet,East,P011,Webcam,Electronics,1,5500,0.0,Card,Completed
ORD0016,2026-05-15,C012,Sumaiya Noor,Female,30,Dhaka,Central,P009,Mouse,Electronics,4,1500,10.0,Nagad,Completed
ORD0017,2026-09-18,C004,Sadia Islam,Female,26,Sylhet,East,P003,Smartphone,Electronics,5,45000,0.0,Cash,Completed
ORD0018,2026-03-23,C003,Tanvir Hasan,Male,34,Dhaka,Central,P011,Webcam,Electronics,4,5500,10.0,Cash,Pending
ORD0019,2026-08-28,C007,Arif Hossain,Male,38,Dhaka,Central,P010,Bookshelf,Furniture,2,9500,10.0,Cash,Completed
ORD0020,2026-05-17,C011,Mehedi Hasan,Male,28,Chattogram,East,P009,Mouse,Electronics,3,1500,0.0,bKash,Pending
ORD0021,2026-01-02,C003,Tanvir Hasan,Male,34,Dhaka,Central,P008,Backpack,Accessories,2,2800,10.0,Card,Cancelled
ORD0022,2026-06-02,C015,Nayeem Islam,Male,33,Sylhet,East,P002,Headphones,Electronics,2,3500,0.0,bKash,Completed
ORD0023,2026-01-01,C009,Sakib Khan,Male,22,Cumilla,East,P009,Mouse,Electronics,3,1500,5.0,Cash,Completed
ORD0024,2026-06-07,C015,Nayeem Islam,Male,33,Sylhet,East,P006,Keyboard,Electronics,2,2500,0.0,Card,Cancelled
ORD0025,2026-09-06,C002,Nusrat Jahan,Female,29,Chattogram,East,P002,Headphones,Electronics,1,3500,10.0,Card,Completed
ORD0026,2026-03-26,C011,Mehedi Hasan,Male,28,Chattogram,East,P008,Backpack,Accessories,2,2800,10.0,Bank Transfer,Pending
ORD0027,2026-04-13,C004,Sadia Islam,Female,26,Sylhet,East,P009,Mouse,Electronics,2,1500,5.0,bKash,Pending
ORD0028,2026-08-20,C015,Nayeem Islam,Male,33,Sylhet,East,P009,Mouse,Electronics,1,1500,0.0,Card,Completed
ORD0029,2026-04-28,C006,Mim Akter,Female,23,Khulna,South,P001,Laptop,Electronics,2,85000,0.0,Cash,Completed
ORD0030,2026-01-17,C004,Sadia Islam,Female,26,Sylhet,East,P002,Headphones,Electronics,3,3500,0.0,Bank Transfer,Completed
ORD0031,2026-09-06,C005,Fahim Rahman,Male,31,Rajshahi,North,P011,Webcam,Electronics,2,5500,10.0,Card,Cancelled
ORD0032,2026-05-05,C010,Tania Sultana,Female,35,Rangpur,North,P008,Backpack,Accessories,5,2800,5.0,Card,Completed
ORD0033,2026-08-09,C002,Nusrat Jahan,Female,29,Chattogram,East,P011,Webcam,Electronics,3,5500,5.0,Nagad,Pending
ORD0034,2026-01-28,C014,Rima Yasmin,Female,25,Khulna,South,P012,USB Hub,Accessories,1,1800,0.0,Nagad,Completed
ORD0035,2026-05-08,C013,Imran Kabir,Male,41,Rajshahi,North,P002,Headphones,Electronics,2,3500,0.0,Bank Transfer,Pending
ORD0036,2026-04-04,C003,Tanvir Hasan,Male,34,Dhaka,Central,P007,Monitor,Electronics,2,22000,5.0,Card,Completed
ORD0037,2026-02-20,C008,Jannatul Ferdous,Female,27,Barishal,South,P009,Mouse,Electronics,1,1500,15.0,Bank Transfer,Completed
ORD0038,2026-03-27,C002,Nusrat Jahan,Female,29,Chattogram,East,P004,Office Chair,Furniture,4,12000,5.0,Nagad,Completed
ORD0039,2026-01-31,C014,Rima Yasmin,Female,25,Khulna,South,P007,Monitor,Electronics,1,22000,5.0,Cash,Pending
ORD0040,2026-05-27,C005,Fahim Rahman,Male,31,Rajshahi,North,P008,Backpack,Accessories,4,2800,15.0,Bank Transfer,Pending
ORD0041,2026-06-01,C003,Tanvir Hasan,Male,34,Dhaka,Central,P004,Office Chair,Furniture,2,12000,0.0,Bank Transfer,Cancelled
ORD0042,2026-06-10,C001,Rahim Ahmed,Male,24,Dhaka,Central,P012,USB Hub,Accessories,1,1800,0.0,Bank Transfer,Pending
ORD0043,2026-03-22,C009,Sakib Khan,Male,22,Cumilla,East,P009,Mouse,Electronics,1,1500,10.0,Cash,Completed
ORD0044,2026-02-04,C002,Nusrat Jahan,Female,29,Chattogram,East,P010,Bookshelf,Furniture,2,9500,5.0,Cash,Cancelled
ORD0045,2026-01-21,C004,Sadia Islam,Female,26,Sylhet,East,P010,Bookshelf,Furniture,1,9500,5.0,Bank Transfer,Cancelled
ORD0046,2026-05-14,C009,Sakib Khan,Male,22,Cumilla,East,P006,Keyboard,Electronics,2,2500,15.0,bKash,Completed
ORD0047,2026-03-09,C005,Fahim Rahman,Male,31,Rajshahi,North,P007,Monitor,Electronics,2,22000,5.0,bKash,Completed
ORD0048,2026-02-21,C001,Rahim Ahmed,Male,24,Dhaka,Central,P008,Backpack,Accessories,1,2800,10.0,Card,Cancelled
ORD0049,2026-06-28,C005,Fahim Rahman,Male,31,Rajshahi,North,P003,Smartphone,Electronics,1,45000,0.0,bKash,Completed
ORD0050,2026-06-04,C003,Tanvir Hasan,Male,34,Dhaka,Central,P008,Backpack,Accessories,1,2800,15.0,Bank Transfer,Completed
ORD0051,2026-02-23,C015,Nayeem Islam,Male,33,Sylhet,East,P011,Webcam,Electronics,1,5500,0.0,Cash,Completed
ORD0052,2026-03-21,C012,Sumaiya Noor,Female,30,Dhaka,Central,P009,Mouse,Electronics,2,1500,0.0,Bank Transfer,Completed
ORD0053,2026-04-15,C012,Sumaiya Noor,Female,30,Dhaka,Central,P006,Keyboard,Electronics,2,2500,10.0,Nagad,Completed
ORD0054,2026-02-17,C015,Nayeem Islam,Male,33,Sylhet,East,P001,Laptop,Electronics,4,85000,0.0,Cash,Completed
ORD0055,2026-05-15,C006,Mim Akter,Female,23,Khulna,South,P003,Smartphone,Electronics,1,45000,15.0,Nagad,Cancelled
ORD0056,2026-01-05,C012,Sumaiya Noor,Female,30,Dhaka,Central,P007,Monitor,Electronics,1,22000,0.0,Card,Cancelled
ORD0057,2026-03-17,C001,Rahim Ahmed,Male,24,Dhaka,Central,P006,Keyboard,Electronics,4,2500,0.0,Cash,Completed
ORD0058,2026-07-03,C006,Mim Akter,Female,23,Khulna,South,P001,Laptop,Electronics,2,85000,15.0,Card,Completed
ORD0059,2026-07-28,C006,Mim Akter,Female,23,Khulna,South,P009,Mouse,Electronics,1,1500,0.0,Card,Completed
ORD0060,2026-01-13,C015,Nayeem Islam,Male,33,Sylhet,East,P007,Monitor,Electronics,1,22000,15.0,bKash,Pending
ORD0061,2026-05-08,C013,Imran Kabir,Male,41,Rajshahi,North,P011,Webcam,Electronics,2,5500,0.0,Cash,Pending
ORD0062,2026-08-29,C014,Rima Yasmin,Female,25,Khulna,South,P001,Laptop,Electronics,2,85000,0.0,Nagad,Completed
ORD0063,2026-04-25,C005,Fahim Rahman,Male,31,Rajshahi,North,P004,Office Chair,Furniture,1,12000,15.0,Card,Pending
ORD0064,2026-02-05,C006,Mim Akter,Female,23,Khulna,South,P005,Desk,Furniture,2,18000,0.0,Bank Transfer,Pending
ORD0065,2026-06-19,C011,Mehedi Hasan,Male,28,Chattogram,East,P009,Mouse,Electronics,1,1500,0.0,bKash,Completed
ORD0066,2026-01-20,C010,Tania Sultana,Female,35,Rangpur,North,P005,Desk,Furniture,1,18000,10.0,Nagad,Completed
ORD0067,2026-08-12,C012,Sumaiya Noor,Female,30,Dhaka,Central,P006,Keyboard,Electronics,1,2500,5.0,Bank Transfer,Completed
ORD0068,2026-08-12,C005,Fahim Rahman,Male,31,Rajshahi,North,P001,Laptop,Electronics,1,85000,10.0,Bank Transfer,Completed
ORD0069,2026-02-05,C006,Mim Akter,Female,23,Khulna,South,P007,Monitor,Electronics,3,22000,10.0,bKash,Completed
ORD0070,2026-09-17,C012,Sumaiya Noor,Female,30,Dhaka,Central,P005,Desk,Furniture,2,18000,15.0,Nagad,Completed
ORD0071,2026-06-01,C007,Arif Hossain,Male,38,Dhaka,Central,P012,USB Hub,Accessories,1,1800,0.0,Nagad,Pending
ORD0072,2026-03-31,C011,Mehedi Hasan,Male,28,Chattogram,East,P012,USB Hub,Accessories,2,1800,5.0,Bank Transfer,Completed
ORD0073,2026-04-18,C005,Fahim Rahman,Male,31,Rajshahi,North,P005,Desk,Furniture,4,18000,10.0,Bank Transfer,Completed
ORD0074,2026-08-15,C008,Jannatul Ferdous,Female,27,Barishal,South,P008,Backpack,Accessories,2,2800,10.0,Nagad,Completed
ORD0075,2026-05-26,C011,Mehedi Hasan,Male,28,Chattogram,East,P002,Headphones,Electronics,3,3500,0.0,Card,Completed
ORD0076,2026-03-17,C004,Sadia Islam,Female,26,Sylhet,East,P004,Office Chair,Furniture,1,12000,0.0,Card,Pending
ORD0077,2026-08-22,C010,Tania Sultana,Female,35,Rangpur,North,P002,Headphones,Electronics,4,3500,15.0,Bank Transfer,Completed
ORD0078,2026-07-16,C012,Sumaiya Noor,Female,30,Dhaka,Central,P012,USB Hub,Accessories,5,1800,5.0,Card,Completed
ORD0079,2026-01-03,C011,Mehedi Hasan,Male,28,Chattogram,East,P012,USB Hub,Accessories,1,1800,5.0,Card,Completed
ORD0080,2026-09-23,C013,Imran Kabir,Male,41,Rajshahi,North,P012,USB Hub,Accessories,5,1800,0.0,Bank Transfer,Completed
ORD0081,2026-08-22,C015,Nayeem Islam,Male,33,Sylhet,East,P002,Headphones,Electronics,1,3500,5.0,Bank Transfer,Cancelled
ORD0082,2026-08-15,C010,Tania Sultana,Female,35,Rangpur,North,P006,Keyboard,Electronics,4,2500,10.0,Nagad,Completed
ORD0083,2026-08-19,C012,Sumaiya Noor,Female,30,Dhaka,Central,P008,Backpack,Accessories,2,2800,0.0,bKash,Cancelled
ORD0084,2026-05-03,C008,Jannatul Ferdous,Female,27,Barishal,South,P011,Webcam,Electronics,2,5500,5.0,Cash,Completed
ORD0085,2026-06-21,C004,Sadia Islam,Female,26,Sylhet,East,P005,Desk,Furniture,3,18000,10.0,Cash,Completed
ORD0086,2026-07-16,C003,Tanvir Hasan,Male,34,Dhaka,Central,P004,Office Chair,Furniture,1,12000,15.0,Card,Completed
ORD0087,2026-06-19,C007,Arif Hossain,Male,38,Dhaka,Central,P007,Monitor,Electronics,5,22000,5.0,Cash,Completed
ORD0088,2026-07-19,C014,Rima Yasmin,Female,25,Khulna,South,P007,Monitor,Electronics,1,22000,10.0,Nagad,Pending
ORD0089,2026-06-02,C001,Rahim Ahmed,Male,24,Dhaka,Central,P006,Keyboard,Electronics,4,2500,5.0,Bank Transfer,Cancelled
ORD0090,2026-04-23,C013,Imran Kabir,Male,41,Rajshahi,North,P010,Bookshelf,Furniture,5,9500,0.0,bKash,Pending
ORD0091,2026-07-19,C008,Jannatul Ferdous,Female,27,Barishal,South,P001,Laptop,Electronics,3,85000,15.0,Nagad,Completed
ORD0092,2026-03-07,C014,Rima Yasmin,Female,25,Khulna,South,P008,Backpack,Accessories,1,2800,5.0,Bank Transfer,Cancelled
ORD0093,2026-02-12,C011,Mehedi Hasan,Male,28,Chattogram,East,P001,Laptop,Electronics,4,85000,0.0,Nagad,Completed
ORD0094,2026-07-14,C001,Rahim Ahmed,Male,24,Dhaka,Central,P005,Desk,Furniture,3,18000,0.0,Nagad,Completed
ORD0095,2026-05-23,C006,Mim Akter,Female,23,Khulna,South,P007,Monitor,Electronics,4,22000,0.0,Cash,Pending
ORD0096,2026-01-27,C001,Rahim Ahmed,Male,24,Dhaka,Central,P012,USB Hub,Accessories,3,1800,0.0,Cash,Completed
ORD0097,2026-05-07,C013,Imran Kabir,Male,41,Rajshahi,North,P001,Laptop,Electronics,2,85000,0.0,Bank Transfer,Completed
ORD0098,2026-08-31,C004,Sadia Islam,Female,26,Sylhet,East,P003,Smartphone,Electronics,1,45000,10.0,Card,Pending
ORD0099,2026-07-08,C012,Sumaiya Noor,Female,30,Dhaka,Central,P005,Desk,Furniture,1,18000,10.0,Bank Transfer,Completed
ORD0100,2026-06-09,C013,Imran Kabir,Male,41,Rajshahi,North,P003,Smartphone,Electronics,1,45000,10.0,Cash,Completed
ORD0101,2026-07-12,C010,Tania Sultana,Female,35,Rangpur,North,P011,Webcam,Electronics,4,5500,15.0,Card,Completed
ORD0102,2026-05-05,C010,Tania Sultana,Female,35,Rangpur,North,P012,USB Hub,Accessories,1,1800,15.0,bKash,Cancelled
ORD0103,2026-01-22,C013,Imran Kabir,Male,41,Rajshahi,North,P002,Headphones,Electronics,3,3500,10.0,Nagad,Completed
ORD0104,2026-06-24,C002,Nusrat Jahan,Female,29,Chattogram,East,P009,Mouse,Electronics,1,1500,5.0,Nagad,Completed
ORD0105,2026-08-24,C007,Arif Hossain,Male,38,Dhaka,Central,P006,Keyboard,Electronics,1,2500,5.0,Card,Cancelled
ORD0106,2026-09-05,C011,Mehedi Hasan,Male,28,Chattogram,East,P005,Desk,Furniture,5,18000,5.0,Bank Transfer,Completed
ORD0107,2026-02-14,C006,Mim Akter,Female,23,Khulna,South,P004,Office Chair,Furniture,2,12000,5.0,Card,Pending
ORD0108,2026-07-14,C010,Tania Sultana,Female,35,Rangpur,North,P010,Bookshelf,Furniture,3,9500,0.0,Nagad,Completed
ORD0109,2026-04-19,C003,Tanvir Hasan,Male,34,Dhaka,Central,P008,Backpack,Accessories,3,2800,0.0,bKash,Completed
ORD0110,2026-05-22,C015,Nayeem Islam,Male,33,Sylhet,East,P010,Bookshelf,Furniture,1,9500,10.0,Card,Completed
ORD0111,2026-07-28,C004,Sadia Islam,Female,26,Sylhet,East,P012,USB Hub,Accessories,5,1800,10.0,Card,Pending
ORD0112,2026-09-09,C011,Mehedi Hasan,Male,28,Chattogram,East,P012,USB Hub,Accessories,5,1800,0.0,Cash,Completed
ORD0113,2026-05-05,C004, Sadia Islam ,Female,26,Sylhet,East,P007,Monitor,Electronics,2,22000,15.0,Bank Transfer,Completed
ORD0114,2026-09-29,C008,Jannatul Ferdous,Female,27,Barishal,South,P009,Mouse,Electronics,3,1500,5.0,Bank Transfer,Completed
ORD0115,2026-08-21,C006,Mim Akter,Female,23,Khulna,South,P012,USB Hub,Accessories,2,1800,0.0,bKash,Completed
ORD0116,2026-04-09,C002,Nusrat Jahan,Female,29,Chattogram,East,P012,USB Hub,Accessories,3,1800,0.0,Bank Transfer,Completed
ORD0117,2026-09-05,C004,Sadia Islam,Female,26,Sylhet,East,P004,Office Chair,Furniture,2,12000,15.0,Bank Transfer,Cancelled
ORD0118,2026-02-21,C010,Tania Sultana,Female,35,Rangpur,North,P005,Desk,Furniture,2,18000,0.0,Card,Completed
ORD0119,2026-01-08,C003,Tanvir Hasan,Male,34,Dhaka,Central,P005,Desk,Furniture,1,18000,0.0,Cash,Completed
ORD0120,2026-03-06,C009,Sakib Khan,Male,22,Cumilla,East,P005,Desk,Furniture,5,18000,0.0,Cash,Cancelled
ORD0121,2026-09-03,C005,Fahim Rahman,Male,31,Rajshahi,North,P008,Backpack,Accessories,5,2800,0.0,Card,Completed
ORD0122,2026-02-28,C005,Fahim Rahman,Male,31,Rajshahi,North,P008,Backpack,Accessories,1,2800,5.0,Nagad,Completed
ORD0123,2026-01-28,C010,Tania Sultana,Female,35,Rangpur,North,P011,Webcam,Electronics,1,5500,0.0,Bank Transfer,Completed
ORD0124,2026-03-02,C002,Nusrat Jahan,Female,29,Chattogram,East,P004,Office Chair,Furniture,4,12000,10.0,Bank Transfer,Cancelled
ORD0125,2026-07-14,C004,Sadia Islam,Female,26,Sylhet,East,P009,Mouse,Electronics,5,1500,5.0,bKash,Cancelled
ORD0126,2026-01-31,C007,Arif Hossain,Male,38,Dhaka,Central,P005,Desk,Furniture,1,18000,0.0,Card,Completed
ORD0127,2026-03-22,C011,Mehedi Hasan,Male,28,Chattogram,East,P002,Headphones,Electronics,2,3500,0.0,Bank Transfer,Completed
ORD0128,2026-07-29,C003,Tanvir Hasan,Male,34,Dhaka,Central,P001,Laptop,Electronics,5,85000,15.0,Bank Transfer,Pending
ORD0129,2026-04-29,C005,Fahim Rahman,Male,31,Rajshahi,North,P001,Laptop,Electronics,2,85000,15.0,bKash,Pending
ORD0130,2026-04-30,C002,Nusrat Jahan,Female,29,Chattogram,East,P011,Webcam,Electronics,2,5500,15.0,Bank Transfer,Completed
ORD0131,2026-04-26,C007,Arif Hossain,Male,38,Dhaka,Central,P002,Headphones,Electronics,1,3500,0.0,Card,Completed
ORD0132,2026-06-07,C001,Rahim Ahmed,Male,24,Dhaka,Central,P003,Smartphone,Electronics,2,45000,5.0,Cash,Pending
ORD0133,2026-07-26,C012,Sumaiya Noor,Female,30,Dhaka,Central,P005,Desk,Furniture,2,18000,10.0,Bank Transfer,Pending
ORD0134,2026-01-21,C008,Jannatul Ferdous,Female,27,Barishal,South,P002,Headphones,Electronics,4,3500,15.0,bKash,Cancelled
ORD0135,2026-02-16,C005,Fahim Rahman,Male,31,Rajshahi,North,P001,Laptop,Electronics,2,85000,15.0,Bank Transfer,Cancelled
ORD0136,2026-05-18,C001,Rahim Ahmed,Male,24,Dhaka,Central,P011,Webcam,Electronics,1,5500,0.0,Nagad,Cancelled
ORD0137,2026-05-23,C011,Mehedi Hasan,Male,28,Chattogram,East,P008,Backpack,Accessories,1,2800,10.0,Nagad,Pending
ORD0138,2026-06-28,C002,Nusrat Jahan,Female,29,Chattogram,East,P008,Backpack,Accessories,4,2800,0.0,bKash,Completed
ORD0139,2026-06-18,C014,Rima Yasmin,Female,25,Khulna,South,P003,Smartphone,Electronics,4,45000,15.0,Nagad,Completed
ORD0140,2026-01-19,C011,Mehedi Hasan,Male,28,Chattogram,East,P007,Monitor,Electronics,5,22000,0.0,bKash,Completed
ORD0141,2026-07-26,C006,Mim Akter,Female,23,Khulna,South,P002,Headphones,Electronics,1,3500,15.0,Bank Transfer,Pending
ORD0142,2026-04-07,C007,Arif Hossain,Male,38,Dhaka,Central,P001,Laptop,Electronics,3,85000,10.0,Nagad,Pending
ORD0143,2026-04-15,C013,Imran Kabir,Male,41,Rajshahi,North,P001,Laptop,Electronics,2,85000,10.0,Card,Completed
ORD0144,2026-09-06,C008,Jannatul Ferdous,Female,27,Barishal,South,P012,USB Hub,Accessories,1,1800,0.0,Bank Transfer,Completed
ORD0145,2026-06-09,C012,Sumaiya Noor,Female,30,Dhaka,Central,P003,Smartphone,Electronics,1,45000,10.0,Nagad,Completed
ORD0146,2026-08-25,C004,Sadia Islam,Female,26,Sylhet,East,P002,Headphones,Electronics,1,3500,15.0,Card,Pending
ORD0147,2026-05-30,C015,Nayeem Islam,Male,33,Sylhet,East,P012,USB Hub,Accessories,2,1800,5.0,Nagad,Pending
ORD0148,2026-03-16,C004,Sadia Islam,Female,26,Sylhet,East,P008,Backpack,Accessories,4,2800,0.0,Bank Transfer,Cancelled
ORD0149,15/06/2026,C012,Sumaiya Noor,Female,30,Dhaka,Central,P003,Smartphone,Electronics,2,45000,5.0,bKash,Cancelled
ORD0150,2026-05-25,C005,Fahim Rahman,Male,31,Rajshahi,North,P001,Laptop,Electronics,2,85000,10.0,Bank Transfer,Pending
ORD0151,2026-08-17,C014,Rima Yasmin,Female,25,Khulna,South,P003,Smartphone,Electronics,5,45000,0.0,bKash,Cancelled
ORD0152,2026-07-13,C013,Imran Kabir,Male,41,Rajshahi,North,P009,Mouse,Electronics,5,1500,0.0,Card,Completed
ORD0153,2026-04-30,C010,Tania Sultana,Female,35,Rangpur,North,P007,Monitor,Electronics,4,22000,0.0,bKash,Pending
ORD0154,2026-07-17,C012,Sumaiya Noor,Female,30,Dhaka,Central,P007,Monitor,Electronics,1,22000,5.0,Cash,Completed
ORD0155,2026-06-19,C009,Sakib Khan,Male,22,Cumilla,East,P010,Bookshelf,Furniture,1,9500,5.0,Cash,Cancelled
ORD0156,2026-01-08,C015,Nayeem Islam,Male,33,Sylhet,East,P008,Backpack,Accessories,1,2800,5.0,Card,Completed
ORD0157,2026-06-23,C008,Jannatul Ferdous,Female,27,Barishal,South,P005,Desk,Furniture,4,18000,15.0,Cash,Completed
ORD0158,2026-10-01,C014,Rima Yasmin,Female,25,Khulna,South,P011,Webcam,Electronics,4,5500,0.0,Nagad,Cancelled
ORD0159,2026-02-05,C001,Rahim Ahmed,Male,24,Dhaka,Central,P010,Bookshelf,Furniture,2,9500,15.0,bKash,Completed
ORD0160,2026-08-11,C012,Sumaiya Noor,Female,30,Dhaka,Central,P002,Headphones,Electronics,1,3500,15.0,Cash,Pending
ORD0161,2026-06-03,C003,Tanvir Hasan,Male,34,Dhaka,Central,P012,USB Hub,Accessories,1,1800,0.0,bKash,Completed
ORD0162,2026-07-11,C005,Fahim Rahman,Male,31,Rajshahi,North,P006,Keyboard,Electronics,4,2500,0.0,Card,Cancelled
ORD0163,2026-04-03,C007,Arif Hossain,Male,38,Dhaka,Central,P010,Bookshelf,Furniture,1,9500,0.0,Cash,Cancelled
ORD0164,2026-05-04,C014,Rima Yasmin,Female,25,Khulna,South,P007,Monitor,Electronics,5,22000,10.0,Card,Completed
ORD0165,2026-05-11,C008,Jannatul Ferdous,Female,27,Barishal,South,P011,Webcam,Electronics,5,5500,0.0,Cash,Pending
ORD0166,2026-03-22,C015,Nayeem Islam,Male,33,Sylhet,East,P005,Desk,Furniture,1,18000,5.0,bKash,Cancelled
ORD0167,2026-08-06,C005,Fahim Rahman,Male,31,Rajshahi,North,P011,Webcam,Electronics,2,5500,5.0,bKash,Completed
ORD0168,2026-02-24,C007,Arif Hossain,Male,38,Dhaka,Central,P008,Backpack,Accessories,2,2800,5.0,Bank Transfer,Completed
ORD0169,2026-06-01,C010,Tania Sultana,Female,35,Rangpur,North,P005,Desk,Furniture,1,18000,15.0,Nagad,Completed
ORD0170,2026-01-26,C001,Rahim Ahmed,Male,24,Dhaka,Central,P010,Bookshelf,Furniture,5,9500,0.0,Card,Cancelled
ORD0171,2026-04-23,C013,Imran Kabir,Male,41,Rajshahi,North,P006,Keyboard,Electronics,2,2500,10.0,bKash,Completed
ORD0172,2026-01-21,C011,Mehedi Hasan,Male,28,Chattogram,East,P002,Headphones,Electronics,2,3500,5.0,Cash,Cancelled
ORD0174,2026-03-09,C003,Tanvir Hasan,Male,34,Dhaka,Central,P004,Office Chair,Furniture,3,12000,10.0,Bank Transfer,Completed
ORD0175,2026-05-12,C014,Rima Yasmin,Female,25,Khulna,South,P003,Smartphone,Electronics,5,45000,0.0,bKash,Completed
ORD0176,2026-03-14,C008,Jannatul Ferdous,Female,27,Barishal,South,P002,Headphones,Electronics,2,3500,15.0,Nagad,Cancelled
ORD0177,2026-07-22,C006,Mim Akter,Female,23,Khulna,South,P002,Headphones,Electronics,1,3500,0.0,Bank Transfer,Completed
ORD0178,2026-05-15,C008,Jannatul Ferdous,Female,27,Barishal,South,P006,Keyboard,Electronics,4,2500,15.0,bKash,Completed
ORD0179,2026-08-30,C011,Mehedi Hasan,Male,28,Chattogram,East,P004,Office Chair,Furniture,1,12000,10.0,Bank Transfer,Completed
ORD0180,2026-04-24,C015,Nayeem Islam,Male,33,Sylhet,East,P010,Bookshelf,Furniture,1,9500,15.0,Nagad,Completed
ORD0181,2026-03-01,C011,Mehedi Hasan,Male,28,Chattogram,East,P007,Monitor,Electronics,1,22000,0.0,Cash,Completed
ORD0182,2026-02-19,C008,Jannatul Ferdous,Female,27,Barishal,South,P002,Headphones,Electronics,2,3500,10.0,Card,Pending
ORD0183,2026-08-03,C008,Jannatul Ferdous,Female,27,Barishal,South,P006,Keyboard,Electronics,1,2500,5.0,Cash,Pending
ORD0184,2026-05-24,C010,Tania Sultana,Female,35,Rangpur,North,P007,Monitor,Electronics,1,22000,15.0,bKash,Completed
ORD0185,2026-05-01,C008,Jannatul Ferdous,Female,27,Barishal,South,P008,Backpack,Accessories,3,2800,0.0,bKash,Cancelled
ORD0186,2026-07-03,C015,Nayeem Islam,Male,33,Sylhet,East,P011,Webcam,Electronics,1,5500,5.0,bKash,Completed
ORD0187,2026-02-16,C002,Nusrat Jahan,Female,29,Chattogram,East,P008,Backpack,Accessories,2,2800,15.0,Bank Transfer,Completed
ORD0188,2026-05-05,C001,Rahim Ahmed,Male,24,Dhaka,Central,P006,Keyboard,Electronics,1,2500,10.0,Card,Completed
ORD0189,2026-04-17,C014,Rima Yasmin,Female,25,Khulna,South,P009,Mouse,Electronics,2,1500,0.0,bKash,Completed
ORD0190,2026-01-02,C013,Imran Kabir,Male,41,Rajshahi,North,P010,Bookshelf,Furniture,2,9500,0.0,Card,Cancelled
ORD0191,2026-02-26,C005,Fahim Rahman,Male,31,Rajshahi,North,P003,Smartphone,Electronics,1,45000,0.0,Cash,Completed
ORD0192,2026-06-15,C013,Imran Kabir,Male,41,Rajshahi,North,P004,Office Chair,Furniture,1,12000,0.0,bKash,Completed
ORD0193,2026-08-04,C003,Tanvir Hasan,Male,34,Dhaka,Central,P012,USB Hub,Accessories,1,1800,15.0,Cash,Pending
ORD0194,2026-09-20,C008,Jannatul Ferdous,Female,27,Barishal,South,P006,Keyboard,Electronics,1,2500,5.0,Bank Transfer,Completed
ORD0195,2026-09-24,C010,Tania Sultana,Female,35,Rangpur,North,P001,Laptop,Electronics,2,85000,5.0,Cash,Completed
ORD0196,2026-08-07,C008,Jannatul Ferdous,Female,27,Barishal,South,P007,Monitor,Electronics,1,22000,5.0,Nagad,Completed
ORD0197,2026-06-14,C015,Nayeem Islam,Male,33,Sylhet,East,P002,Headphones,Electronics,1,3500,0.0,Card,Completed
ORD0198,2026-06-16,C010,Tania Sultana,Female,35,Rangpur,North,P011,Webcam,Electronics,4,5500,10.0,Bank Transfer,Completed
ORD0199,2026-08-09,C008,Jannatul Ferdous,Female,27,Barishal,South,P009,Mouse,Electronics,1,1500,15.0,Cash,Cancelled
ORD0200,2026-08-09,C012,Sumaiya Noor,Female,30,Dhaka,Central,P004,Office Chair,Furniture,5,12000,0.0,Nagad,Completed
ORD0201,2026-07-24,C014,Rima Yasmin,Female,25,Khulna,South,P008,Backpack,Accessories,4,2800,15.0,Cash,Completed
ORD0202,2026-05-11,C007,Arif Hossain,Male,38,Dhaka,Central,P006,Keyboard,Electronics,3,2500,0.0,Nagad,Completed
ORD0203,2026-02-17,C002,Nusrat Jahan,Female,29,Chattogram,East,P002,Headphones,Electronics,4,3500,0.0,bKash,Completed
ORD0204,2026-06-18,C009,Sakib Khan,Male,22,Cumilla,East,P001,Laptop,Electronics,1,85000,5.0,bKash,Pending
ORD0205,2026-01-27,C014,Rima Yasmin,Female,25,Khulna,South,P012,USB Hub,Accessories,2,1800,10.0,bKash,Completed
ORD0206,2026-09-17,C002,Nusrat Jahan,Female,29,Chattogram,East,P010,Bookshelf,Furniture,2,9500,0.0,Nagad,Completed
ORD0207,2026-06-29,C014,Rima Yasmin,Female,25,Khulna,South,P002,Headphones,Electronics,3,3500,0.0,bKash,Cancelled
ORD0208,2026-01-14,C004,Sadia Islam,Female,26,Sylhet,East,P007,Monitor,Electronics,2,22000,0.0,Card,Completed
ORD0209,2026-06-23,C012,Sumaiya Noor,Female,30,Dhaka,Central,P005,Desk,Furniture,3,18000,0.0,Card,Completed
ORD0210,2026-07-25,C010,Tania Sultana,Female,35,Rangpur,North,P011,Webcam,Electronics,1,5500,0.0,Cash,Completed
ORD0211,2026-04-21,C012,Sumaiya Noor,Female,30,Dhaka,Central,P009,Mouse,Electronics,4,1500,0.0,Nagad,Completed
ORD0212,2026-06-09,C003,Tanvir Hasan,Male,34,Dhaka,Central,P006,Keyboard,Electronics,3,2500,10.0,Bank Transfer,Completed
ORD0213,2026-03-21,C015,Nayeem Islam,Male,33,Sylhet,East,P001,Laptop,Electronics,1,85000,10.0,Cash,Completed
ORD0214,2026-08-06,C005,Fahim Rahman,Male,31,Rajshahi,North,P008,Backpack,Accessories,5,2800,10.0,Nagad,Pending
ORD0215,2026-09-20,C005,Fahim Rahman,Male,31,Rajshahi,North,P004,Office Chair,Furniture,1,12000,0.0,Nagad,Completed
ORD0216,2026-09-07,C005,Fahim Rahman,Male,31,Rajshahi,North,P011,Webcam,Electronics,2,5500,0.0,Card,Pending
ORD0217,2026-01-04,C010,Tania Sultana,Female,35,Rangpur,North,P001,Laptop,Electronics,2,85000,0.0,Card,Completed
ORD0218,2026-05-29,C013,Imran Kabir,Male,41,Rajshahi,North,P005,Desk,Furniture,3,18000,0.0,Cash,Pending
ORD0219,2026-03-31,C012,Sumaiya Noor,Female,30,Dhaka,Central,P007,Monitor,Electronics,1,22000,5.0,Bank Transfer,Completed
ORD0220,2026-07-01,C009,Sakib Khan,Male,22,Cumilla,East,P009,Mouse,Electronics,1,1500,5.0,Cash,Pending
ORD0221,2026-02-09,C001,Rahim Ahmed,Male,24,Dhaka,Central,P008,Backpack,Accessories,3,2800,10.0,Nagad,Cancelled
ORD0222,2026-08-02,C007,Arif Hossain,Male,38,Dhaka,Central,P012,USB Hub,Accessories,2,1800,0.0,Nagad,Completed
ORD0223,2026-08-24,C006,Mim Akter,Female,23,Khulna,South,P003,Smartphone,Electronics,3,45000,0.0,Nagad,Completed
ORD0224,2026-07-25,C004,Sadia Islam,Female,26,Sylhet,East,P007,Monitor,Electronics,1,22000,5.0,bKash,Completed
ORD0225,2026-03-28,C004,Sadia Islam,Female,26,Sylhet,East,P006,Keyboard,Electronics,1,2500,10.0,Cash,Cancelled
ORD0226,2026-06-28,C009,Sakib Khan,Male,22,Cumilla,East,P004,Office Chair,Furniture,3,12000,15.0,Card,Completed
ORD0227,2026-05-12,C002,Nusrat Jahan,Female,29,Chattogram,East,P003,Smartphone,Electronics,2,45000,0.0,Bank Transfer,Completed
ORD0228,2026-02-08,C013,Imran Kabir,Male,41,Rajshahi,North,P011,Webcam,Electronics,1,5500,15.0,Nagad,Pending
ORD0229,2026-08-18,C013,Imran Kabir,Male,41,Rajshahi,North,P010,Bookshelf,Furniture,3,9500,15.0,bKash,Completed
ORD0230,2026-08-29,C008,Jannatul Ferdous,Female,27,Barishal,South,P002,Headphones,Electronics,5,3500,15.0,bKash,Completed
ORD0231,2026-06-30,C010,Tania Sultana,Female,35,Rangpur,North,P001,Laptop,Electronics,1,85000,0.0,Nagad,Pending
ORD0232,2026-07-08,C001,Rahim Ahmed,Male,24,Dhaka,Central,P001,Laptop,Electronics,2,85000,0.0,Cash,Cancelled
ORD0233,2026-07-16,C010,Tania Sultana,Female,35,Rangpur,North,P009,Mouse,Electronics,5,1500,10.0,Bank Transfer,Completed
ORD0234,2026-04-07,C008,Jannatul Ferdous,Female,27,Barishal,South,P010,Bookshelf,Furniture,3,9500,10.0,Nagad,Cancelled
ORD0235,2026-08-19,C003,Tanvir Hasan,Male,34,Dhaka,Central,P001,Laptop,Electronics,1,85000,0.0,Cash,Cancelled
ORD0236,2026-01-21,C011,Mehedi Hasan,Male,28,Chattogram,East,P003,Smartphone,Electronics,2,45000,15.0,Nagad,Pending
ORD0237,2026-03-23,C009,Sakib Khan,Male,22,Cumilla,East,P009,Mouse,Electronics,3,1500,0.0,bKash,Pending
ORD0238,2026-01-27,C007,Arif Hossain,Male,38,Dhaka,Central,P006,Keyboard,Electronics,3,2500,0.0,bKash,Completed
ORD0239,2026-07-17,C009,Sakib Khan,Male,22,Cumilla,East,P011,Webcam,Electronics,2,5500,0.0,Bank Transfer,Completed
ORD0240,2026-03-14,C006,Mim Akter,Female,23,Khulna,South,P002,Headphones,Electronics,3,3500,0.0,Nagad,Completed
ORD0241,2026-02-13,C010,Tania Sultana,Female,35,Rangpur,North,P012,USB Hub,Accessories,2,1800,10.0,Nagad,Completed
ORD0242,2026-09-27,C014,Rima Yasmin,Female,25,Khulna,South,P003,Smartphone,Electronics,1,45000,15.0,Nagad,Cancelled
ORD0243,2026-07-05,C006,Mim Akter,Female,23,Khulna,South,P001,Laptop,Electronics,2,85000,0.0,Card,Completed
ORD0244,2026-04-09,C013,Imran Kabir,Male,41,Rajshahi,North,P008,Backpack,Accessories,2,2800,0.0,Card,Completed
ORD0245,2026-09-17,C005,Fahim Rahman,Male,31,Rajshahi,North,P002,Headphones,Electronics,1,3500,15.0,bKash,Cancelled
ORD0246,2026-07-12,C003,Tanvir Hasan,Male,34,Dhaka,Central,P010,Bookshelf,Furniture,1,9500,0.0,Card,Cancelled
ORD0247,2026-08-13,C013,Imran Kabir,Male,41,Rajshahi,North,P003,Smartphone,Electronics,1,45000,5.0,bKash,Completed
ORD0248,2026-05-26,C008,Jannatul Ferdous,Female,27,Barishal,South,P010,Bookshelf,Furniture,5,9500,0.0,Bank Transfer,Completed
ORD0249,2026-04-10,C005,Fahim Rahman,Male,31,Rajshahi,North,P008,Backpack,Accessories,3,2800,15.0,Bank Transfer,Pending
ORD0250,2026-07-15,C008,Jannatul Ferdous,Female,27,Barishal,South,P005,Desk,Furniture,4,18000,0.0,Card,Cancelled
ORD0251,2026-01-27,C003,Tanvir Hasan,Male,34,Dhaka,Central,P005,Desk,Furniture,5,18000,0.0,Bank Transfer,Completed
ORD0252,2026-03-05,C012,Sumaiya Noor,Female,30,Dhaka,Central,P009,Mouse,Electronics,2,1500,0.0,Card,Completed
ORD0253,2026-03-17,C008,Jannatul Ferdous,Female,27,Barishal,South,P009,Mouse,Electronics,4,1500,0.0,Card,Pending
ORD0254,2026-01-14,C015,Nayeem Islam,Male,33,Sylhet,East,P006,Keyboard,Electronics,4,2500,0.0,Nagad,Cancelled
ORD0255,2026-07-17,C006,Mim Akter,Female,23,Khulna,South,P004,Office Chair,Furniture,1,12000,0.0,Card,Completed
ORD0256,2026-06-21,C006,Mim Akter,Female,23,Khulna,South,P002,Headphones,Electronics,1,3500,0.0,Cash,Completed
ORD0257,2026-03-13,C015,Nayeem Islam,Male,33,Sylhet,East,P008,Backpack,Accessories,5,2800,5.0,Bank Transfer,Completed
ORD0258,2026-01-10,C015,Nayeem Islam,Male,33,Sylhet,East,P002,Headphones,Electronics,2,3500,0.0,Card,Cancelled
ORD0259,2026-09-28,C012,Sumaiya Noor,Female,30,Dhaka,Central,P010,Bookshelf,Furniture,4,9500,0.0,bKash,Completed
ORD0260,2026-01-25,C005,Fahim Rahman,Male,31,Rajshahi,North,P002,Headphones,Electronics,2,3500,5.0,Bank Transfer,Pending
ORD0261,2026-09-13,C002,Nusrat Jahan,Female,29,Chattogram,East,P002,Headphones,Electronics,1,3500,15.0,Bank Transfer,Cancelled
ORD0262,2026-03-15,C004,Sadia Islam,Female,26,Sylhet,East,P012,USB Hub,Accessories,2,1800,5.0,Cash,Cancelled
ORD0263,2026-08-02,C006,Mim Akter,Female,23,Khulna,South,P004,Office Chair,Furniture,1,12000,15.0,Cash,Cancelled
ORD0264,2026-09-27,C006,Mim Akter,Female,23,Khulna,South,P002,Headphones,Electronics,1,3500,5.0,Nagad,Completed
ORD0265,2026-07-11,C011,Mehedi Hasan,Male,28,Chattogram,East,P007,Monitor,Electronics,2,22000,15.0,Cash,Completed
ORD0266,2026-06-26,C013,Imran Kabir,Male,41,Rajshahi,North,P002,Headphones,Electronics,2,3500,15.0,Cash,Cancelled
ORD0267,2026-03-10,C012,Sumaiya Noor,Female,30,Dhaka,Central,P006,Keyboard,Electronics,1,2500,0.0,Bank Transfer,Completed
ORD0268,2026-03-31,C014,Rima Yasmin,Female,25,Khulna,South,P011,Webcam,Electronics,5,5500,15.0,Nagad,Completed
ORD0269,2026-02-02,C013,Imran Kabir,Male,41,Rajshahi,North,P003,Smartphone,Electronics,5,45000,0.0,bKash,Completed
ORD0270,2026-01-22,C001,Rahim Ahmed,Male,24,Dhaka,Central,P004,Office Chair,Furniture,3,12000,0.0,Bank Transfer,Pending
ORD0271,2026-08-31,C014,Rima Yasmin,Female,25,Khulna,South,P009,Mouse,Electronics,2,1500,0.0,Card,Completed
ORD0272,2026-06-19,C006,Mim Akter,Female,23,Khulna,South,P001,Laptop,Electronics,2,85000,0.0,bKash,Pending
ORD0273,2026-08-14,C015,Nayeem Islam,Male,33,Sylhet,East,P007,Monitor,Electronics,4,22000,0.0,Card,Pending
ORD0274,2026-07-08,C012,Sumaiya Noor,Female,30,Dhaka,Central,P008,Backpack,Accessories,2,2800,0.0,Nagad,Completed
ORD0275,2026-04-03,C007,Arif Hossain,Male,38,Dhaka,Central,P010,Bookshelf,Furniture,2,9500,0.0,Cash,Completed
ORD0276,2026-06-01,C006,Mim Akter,Female,23,Khulna,South,P011,Webcam,Electronics,2,5500,5.0,Bank Transfer,Pending
ORD0277,2026-08-16,C003,Tanvir Hasan,Male,34,Dhaka,Central,P012,USB Hub,Accessories,3,1800,5.0,Cash,Completed
ORD0278,2026-05-21,C010,Tania Sultana,Female,35,Rangpur,North,P007,Monitor,Electronics,1,22000,0.0,Nagad,Completed
ORD0279,2026-03-23,C009,Sakib Khan,Male,22,Cumilla,East,P012,USB Hub,Accessories,1,1800,0.0,Bank Transfer,Pending
ORD0280,2026-02-04,C001,Rahim Ahmed,Male,24,Dhaka,Central,P003,Smartphone,Electronics,2,45000,15.0,bKash,Completed
ORD0281,2026-01-17,C007,Arif Hossain,Male,38,Dhaka,Central,P010,Bookshelf,Furniture,1,9500,15.0,Nagad,Completed
ORD0282,2026-02-09,C006,Mim Akter,Female,23,Khulna,South,P008,Backpack,Accessories,1,2800,10.0,bKash,Pending
ORD0283,2026-05-23,C006,Mim Akter,Female,23,Khulna,South,P011,Webcam,Electronics,2,5500,0.0,Cash,Completed
ORD0284,2026-07-18,C008,Jannatul Ferdous,Female,27,Barishal,South,P009,Mouse,Electronics,1,1500,0.0,bKash,Pending
ORD0285,2026-05-27,C004,Sadia Islam,Female,26,Sylhet,East,P010,Bookshelf,Furniture,5,9500,0.0,Cash,Completed
ORD0286,2026-08-20,C014,Rima Yasmin,Female,25,Khulna,South,P002,Headphones,Electronics,1,3500,15.0,Nagad,Completed
ORD0287,2026-06-13,C013,Imran Kabir,Male,41,Rajshahi,North,P011,Webcam,Electronics,3,5500,15.0,Cash,Cancelled
ORD0288,2026-06-03,C009,Sakib Khan,Male,22,Cumilla,East,P005,Desk,Furniture,1,18000,15.0,Card,Completed
ORD0289,2026-03-04,C009,Sakib Khan,Male,22,Cumilla,East,P004,Office Chair,Furniture,2,12000,0.0,Card,Pending
ORD0290,2026-07-08,C001,Rahim Ahmed,Male,24,Dhaka,Central,P006,Keyboard,Electronics,5,2500,10.0,Card,Cancelled
ORD0291,2026-02-03,C015,Nayeem Islam,Male,33,Sylhet,East,P002,Headphones,Electronics,2,3500,5.0,Nagad,Cancelled
ORD0292,2026-02-07,C007,Arif Hossain,Male,38,Dhaka,Central,P007,Monitor,Electronics,1,22000,0.0,Cash,Pending
ORD0293,2026-09-22,C008,Jannatul Ferdous,Female,27,Barishal,South,P011,Webcam,Electronics,3,5500,0.0,Bank Transfer,Cancelled
ORD0294,2026-08-10,C003,Tanvir Hasan,Male,34,Dhaka,Central,P003,Smartphone,Electronics,1,45000,0.0,Bank Transfer,Completed
ORD0295,2026-03-24,C005,Fahim Rahman,Male,31,Rajshahi,North,P003,Smartphone,Electronics,3,45000,15.0,Card,Completed
ORD0296,2026-02-10,C009,Sakib Khan,Male,22,Cumilla,East,P005,Desk,Furniture,2,18000,0.0,Bank Transfer,Completed
ORD0297,2026-06-05,C003,Tanvir Hasan,Male,34,Dhaka,Central,P011,Webcam,Electronics,1,5500,10.0,Card,Cancelled
ORD0298,2026-03-29,C010,Tania Sultana,Female,35,Rangpur,North,P003,Smartphone,Electronics,3,45000,10.0,Cash,Completed
ORD0299,2026-05-16,C002,Nusrat Jahan,Female,29,Chattogram,East,P001,Laptop,Electronics,2,85000,10.0,Nagad,Cancelled
ORD0300,2026-09-12,C011,Mehedi Hasan,Male,28,Chattogram,East,P001,Laptop,Electronics,2,85000,15.0,bKash,Pending
ORD0301,2026-07-27,C004,Sadia Islam,Female,26,Sylhet,East,P011,Webcam,Electronics,2,5500,5.0,Cash,Completed
ORD0302,2026-08-01,C003,Tanvir Hasan,Male,34,Dhaka,Central,P008,Backpack,Accessories,5,2800,5.0,Card,Completed
ORD0303,2026-06-10,C010,Tania Sultana,Female,35,Rangpur,North,P003,Smartphone,Electronics,3,45000,15.0,bKash,Pending
ORD0304,2026-09-21,C003,Tanvir Hasan,Male,34,Dhaka,Central,P006,Keyboard,Electronics,1,2500,0.0,Card,Pending
ORD0305,2026-08-19,C002,Nusrat Jahan,Female,29,Chattogram,East,P005,Desk,Furniture,2,18000,0.0,Cash,Completed
ORD0306,2026-08-03,C005,Fahim Rahman,Male,31,Rajshahi,North,P007,Monitor,Electronics,2,22000,0.0,bKash,Cancelled
ORD0307,2026-04-08,C012,Sumaiya Noor,Female,30,Dhaka,Central,P006,Keyboard,Electronics,1,2500,5.0,Bank Transfer,Pending
ORD0308,2026-09-12,C008,Jannatul Ferdous,Female,27,Barishal,South,P005,Desk,Furniture,1,18000,0.0,Nagad,Cancelled
ORD0309,2026-04-21,C008,Jannatul Ferdous,Female,27,Barishal,South,P004,Office Chair,Furniture,3,12000,0.0,Cash,Completed
ORD0310,2026-08-29,C008,Jannatul Ferdous,Female,27,Barishal,South,P010,Bookshelf,Furniture,2,9500,10.0,Cash,Completed
ORD0311,2026-05-16,C007,Arif Hossain,Male,38,Dhaka,Central,P003,Smartphone,Electronics,3,45000,5.0,bKash,Completed
ORD0312,2026-04-10,C007,Arif Hossain,Male,38,Dhaka,Central,P001,Laptop,Electronics,3,85000,10.0,bKash,Completed
ORD0313,2026-08-19,C007,Arif Hossain,Male,38,Dhaka,Central,P009,Mouse,Electronics,2,1500,10.0,Bank Transfer,Completed
ORD0314,2026-07-21,C003,Tanvir Hasan,Male,34,Dhaka,Central,P002,Headphones,Electronics,3,3500,0.0,Bank Transfer,Completed
ORD0315,2026-04-12,C013,Imran Kabir,Male,41,Rajshahi,North,P003,Smartphone,Electronics,4,45000,10.0,Cash,Completed
ORD0316,2026-06-20,C001,Rahim Ahmed,Male,24,Dhaka,Central,P003,Smartphone,Electronics,5,45000,10.0,Nagad,Completed
ORD0317,2026-03-13,C010,Tania Sultana,Female,35,Rangpur,North,P009,Mouse,Electronics,3,1500,10.0,bKash,Completed
ORD0318,2026-06-03,C007,Arif Hossain,Male,38,Dhaka,Central,P010,Bookshelf,Furniture,3,9500,10.0,Bank Transfer,Cancelled
ORD0319,2026-06-03,C008,Jannatul Ferdous,Female,27,Barishal,South,P012,USB Hub,Accessories,5,1800,0.0,bKash,Completed
ORD0320,2026-08-02,C011,Mehedi Hasan,Male,28,Chattogram,East,P002,Headphones,Electronics,2,3500,15.0,Cash,Cancelled
ORD0321,2026-04-27,C008,Jannatul Ferdous,Female,27,Barishal,South,P005,Desk,Furniture,1,18000,10.0,Nagad,Completed
ORD0322,2026-07-14,C009,Sakib Khan,Male,22,Cumilla,East,P011,Webcam,Electronics,1,5500,15.0,Card,Completed
ORD0323,2026-02-26,C010,Tania Sultana,Female,35,Rangpur,North,P012,USB Hub,Accessories,2,1800,0.0,Nagad,Completed
ORD0324,2026-07-31,C007,Arif Hossain,Male,38,Dhaka,Central,P003,Smartphone,Electronics,2,45000,5.0,Bank Transfer,Cancelled
ORD0325,2026-02-01,C015,Nayeem Islam,Male,33,Sylhet,East,P008,Backpack,Accessories,1,2800,10.0,Card,Cancelled
ORD0326,2026-09-02,C006,Mim Akter,Female,23,Khulna,South,P011,Webcam,Electronics,4,5500,0.0,Card,Pending
ORD0327,2026-06-25,C015,Nayeem Islam,Male,33,Sylhet,East,P009,Mouse,Electronics,3,1500,15.0,bKash,Cancelled
ORD0328,2026-05-07,C008,Jannatul Ferdous,Female,27,Barishal,South,P004,Office Chair,Furniture,2,12000,10.0,bKash,Completed
ORD0329,2026-04-17,C005,Fahim Rahman,Male,31,Rajshahi,North,P005,Desk,Furniture,5,18000,0.0,Nagad,Completed
ORD0330,2026-05-21,C009,Sakib Khan,Male,22,Cumilla,East,P012,USB Hub,Accessories,2,1800,0.0,Bank Transfer,Cancelled
ORD0331,2026-06-26,C007,Arif Hossain,Male,38,Dhaka,Central,P007,Monitor,Electronics,1,22000,0.0,Cash,Completed
ORD0332,2026-06-27,C012,Sumaiya Noor,Female,30,Dhaka,Central,P002,Headphones,Electronics,5,3500,15.0,bKash,Pending
ORD0333,2026-05-19,C004,Sadia Islam,Female,26,Sylhet,East,P004,Office Chair,Furniture,2,12000,0.0,Cash,Cancelled
ORD0334,2026-05-03,C012,Sumaiya Noor,Female,30,Dhaka,Central,P010,Bookshelf,Furniture,2,9500,0.0,Bank Transfer,Completed
ORD0335,2026-01-27,C011,Mehedi Hasan,Male,28,Chattogram,East,P004,Office Chair,Furniture,1,12000,5.0,bKash,Pending
ORD0336,2026-03-12,C002,Nusrat Jahan,Female,29,Chattogram,East,P011,Webcam,Electronics,1,5500,10.0,Card,Pending
ORD0337,2026-09-02,C011,Mehedi Hasan,Male,28,Chattogram,East,P008,Backpack,Accessories,2,2800,0.0,bKash,Completed
ORD0338,2026-02-15,C011,Mehedi Hasan,Male,28,Chattogram,East,P001,Laptop,Electronics,2,85000,10.0,Cash,Completed
ORD0339,2026-01-19,C007,Arif Hossain,Male,38,Dhaka,Central,P003,Smartphone,Electronics,4,45000,5.0,Card,Completed
ORD0340,2026-01-05,C015,Nayeem Islam,Male,33,Sylhet,East,P001,Laptop,Electronics,2,85000,10.0,Bank Transfer,Completed
ORD0341,2026-05-26,C015,Nayeem Islam,Male,33,Sylhet,East,P006,Keyboard,Electronics,5,2500,15.0,Bank Transfer,Cancelled
ORD0342,2026-09-16,C008,Jannatul Ferdous,Female,27,Barishal,South,P003,Smartphone,Electronics,5,45000,0.0,Card,Completed
ORD0343,2026-08-23,C006,Mim Akter,Female,23,Khulna,South,P003,Smartphone,Electronics,2,45000,15.0,Card,Completed
ORD0344,2026-06-01,C012,Sumaiya Noor,Female,30,Dhaka,Central,P006,Keyboard,Electronics,2,2500,0.0,Bank Transfer,Pending
ORD0345,2026-09-21,C014,Rima Yasmin,Female,25,Khulna,South,P007,Monitor,Electronics,3,22000,0.0,Nagad,Completed
ORD0346,2026-09-02,C003,Tanvir Hasan,Male,34,Dhaka,Central,P003,Smartphone,Electronics,3,45000,0.0,Cash,Completed
ORD0347,2026-08-17,C007,Arif Hossain,Male,38,Dhaka,Central,P004,Office Chair,Furniture,2,12000,0.0,bKash,Cancelled
ORD0348,2026-01-06,C012,Sumaiya Noor,Female,30,Dhaka,Central,P010,Bookshelf,Furniture,2,9500,15.0,bKash,Completed
ORD0349,2026-03-02,C001,Rahim Ahmed,Male,24,Dhaka,Central,P011,Webcam,Electronics,5,5500,0.0,Card,Pending
ORD0350,2026-06-09,C011,Mehedi Hasan,Male,28,Chattogram,East,P009,Mouse,Electronics,1,1500,15.0,bKash,Completed
ORD0351,2026-04-23,C010,Tania Sultana,Female,35,Rangpur,North,P004,Office Chair,Furniture,1,12000,5.0,Card,Pending
ORD0352,2026-07-11,C012,Sumaiya Noor,Female,30,Dhaka,Central,P010,Bookshelf,Furniture,4,9500,15.0,Bank Transfer,Pending
ORD0353,2026-04-22,C013,Imran Kabir,Male,41,Rajshahi,North,P009,Mouse,Electronics,2,1500,15.0,Bank Transfer,Completed
ORD0354,2026-09-28,C009,Sakib Khan,Male,22,Cumilla,East,P008,Backpack,Accessories,3,2800,0.0,Bank Transfer,Completed
ORD0355,2026-09-16,C001,Rahim Ahmed,Male,24,Dhaka,Central,P009,Mouse,Electronics,2,1500,10.0,Bank Transfer,Completed
ORD0356,2026-09-24,C003,Tanvir Hasan,Male,34,Dhaka,Central,P006,Keyboard,Electronics,5,2500,0.0,Card,Cancelled
ORD0357,2026-09-19,C008,Jannatul Ferdous,Female,27,Barishal,South,P002,Headphones,Electronics,5,3500,0.0,Nagad,Completed
ORD0358,2026-08-22,C009,Sakib Khan,Male,22,Cumilla,East,P007,Monitor,Electronics,1,22000,10.0,Nagad,Completed
ORD0359,2026-07-22,C012,Sumaiya Noor,Female,30,Dhaka,Central,P001,Laptop,Electronics,2,85000,0.0,Card,Cancelled
ORD0360,2026-08-05,C002,Nusrat Jahan,Female,29,Chattogram,East,P001,Laptop,Electronics,3,85000,15.0,Cash,Cancelled
ORD0361,2026-08-30,C001,Rahim Ahmed,Male,24,Dhaka,Central,P002,Headphones,Electronics,1,3500,0.0,Nagad,Completed
ORD0362,2026-08-04,C013,Imran Kabir,Male,41,Rajshahi,North,P003,Smartphone,Electronics,3,45000,5.0,Nagad,Pending
ORD0363,2026-03-10,C007,Arif Hossain,Male,38,Dhaka,Central,P002,Headphones,Electronics,3,3500,0.0,Card,Cancelled
ORD0364,2026-03-07,C007,Arif Hossain,Male,38,Dhaka,Central,P009,Mouse,Electronics,2,1500,0.0,Cash,Completed
ORD0365,2026-08-06,C008,Jannatul Ferdous,Female,27,Barishal,South,P011,Webcam,Electronics,4,5500,0.0,Card,Pending
ORD0366,2026-05-22,C006,Mim Akter,Female,23,Khulna,South,P003,Smartphone,Electronics,2,45000,15.0,Cash,Completed
ORD0367,2026-08-03,C013,Imran Kabir,Male,41,Rajshahi,North,P011,Webcam,Electronics,1,5500,0.0,Card,Completed
ORD0368,2026-01-18,C002,Nusrat Jahan,Female,29,Chattogram,East,P010,Bookshelf,Furniture,5,9500,10.0,Cash,Completed
ORD0369,2026-07-25,C012,Sumaiya Noor,Female,30,Dhaka,Central,P001,Laptop,Electronics,5,85000,0.0,Bank Transfer,Completed
ORD0370,2026-03-13,C013,Imran Kabir,Male,41,Rajshahi,North,P001,Laptop,Electronics,2,85000,0.0,Bank Transfer,Completed
ORD0371,2026-06-14,C010,Tania Sultana,Female,35,Rangpur,North,P010,Bookshelf,Furniture,2,9500,0.0,Card,Cancelled
ORD0372,2026-06-03,C004,Sadia Islam,Female,26,Sylhet,East,P007,Monitor,Electronics,2,22000,0.0,Bank Transfer,Cancelled
ORD0373,2026-03-31,C015,Nayeem Islam,Male,33,Sylhet,East,P012,USB Hub,Accessories,4,1800,10.0,Nagad,Completed
ORD0374,2026-07-15,C006,Mim Akter,Female,23,Khulna,South,P011,Webcam,Electronics,3,5500,15.0,Nagad,Pending
ORD0375,2026-07-12,C003,Tanvir Hasan,Male,34,Dhaka,Central,P005,Desk,Furniture,1,18000,10.0,Nagad,Completed
ORD0376,2026-06-03,C014,Rima Yasmin,Female,25,Khulna,South,P004,Office Chair,Furniture,1,12000,5.0,Cash,Cancelled
ORD0377,2026-09-29,C007,Arif Hossain,Male,38,Dhaka,Central,P007,Monitor,Electronics,1,22000,5.0,Card,Completed
ORD0378,2026-02-10,C004,Sadia Islam,Female,26,Sylhet,East,P006,Keyboard,Electronics,5,2500,0.0,Cash,Cancelled
ORD0379,2026-01-27,C012,Sumaiya Noor,Female,30,Dhaka,Central,P004,Office Chair,Furniture,2,12000,5.0,Bank Transfer,Cancelled
ORD0380,2026-04-07,C001,Rahim Ahmed,Male,24,Dhaka,Central,P002,Headphones,Electronics,2,3500,5.0,Card,Completed
ORD0381,2026-04-19,C005,Fahim Rahman,Male,31,Rajshahi,North,P001,Laptop,Electronics,2,85000,15.0,Cash,Pending
ORD0382,2026-04-15,C015,Nayeem Islam,Male,33,Sylhet,East,P004,Office Chair,Furniture,4,12000,0.0,Bank Transfer,Completed
ORD0383,2026-07-14,C013,Imran Kabir,Male,41,Rajshahi,North,P005,Desk,Furniture,5,18000,10.0,bKash,Completed
ORD0384,2026-09-20,C005,Fahim Rahman,Male,31,Rajshahi,North,P006,Keyboard,Electronics,5,2500,5.0,Cash,Pending
ORD0385,2026-04-15,C013,Imran Kabir,Male,41,Rajshahi,North,P006,Keyboard,Electronics,3,2500,0.0,Nagad,Completed
ORD0386,2026-03-16,C010,Tania Sultana,Female,35,Rangpur,North,P004,Office Chair,Furniture,1,12000,0.0,Bank Transfer,Cancelled
ORD0387,2026-08-02,C010,Tania Sultana,Female,35,Rangpur,North,P012,USB Hub,Accessories,2,1800,0.0,Card,Completed
ORD0388,2026-05-06,C004,Sadia Islam,Female,26,Sylhet,East,P007,Monitor,Electronics,5,22000,10.0,bKash,Completed
ORD0389,2026-09-09,C013,Imran Kabir,Male,41,Rajshahi,North,P008,Backpack,Accessories,5,2800,0.0,bKash,Completed
ORD0390,2026-09-08,C003,Tanvir Hasan,Male,34,Dhaka,Central,P012,USB Hub,Accessories,1,1800,10.0,Cash,Cancelled
ORD0391,2026-01-25,C001,Rahim Ahmed,Male,24,Dhaka,Central,P002,Headphones,Electronics,1,3500,5.0,Card,Completed
ORD0392,2026-03-19,C002,Nusrat Jahan,Female,29,Chattogram,East,P012,USB Hub,Accessories,1,1800,0.0,Bank Transfer,Pending
ORD0393,2026-09-05,C006,Mim Akter,Female,23,Khulna,South,P001,Laptop,Electronics,5,85000,0.0,Cash,Cancelled
ORD0394,2026-01-07,C009,Sakib Khan,Male,22,Cumilla,East,P007,Monitor,Electronics,1,22000,10.0,bKash,Cancelled
ORD0395,2026-09-15,C005,Fahim Rahman,Male,31,Rajshahi,North,P001,Laptop,Electronics,4,85000,0.0,Cash,Completed
ORD0396,2026-05-04,C009,Sakib Khan,Male,22,Cumilla,East,P003,Smartphone,Electronics,2,45000,10.0,Bank Transfer,Completed
ORD0397,2026-05-17,C014,Rima Yasmin,Female,25,Khulna,South,P006,Keyboard,Electronics,4,2500,0.0,bKash,Pending
ORD0398,2026-05-05,C008,Jannatul Ferdous,Female,27,Barishal,South,P010,Bookshelf,Furniture,2,9500,0.0,Cash,Completed
ORD0399,2026-07-14,C002,Nusrat Jahan,Female,29,Chattogram,East,P007,Monitor,Electronics,4,22000,10.0,Nagad,Completed
ORD0400,2026-03-29,C011,Mehedi Hasan,Male,28,Chattogram,East,P001,Laptop,Electronics,1,85000,5.0,Nagad,Completed
ORD0401,2026-09-28,C010,Tania Sultana,Female,35,Rangpur,North,P002,Headphones,Electronics,1,3500,0.0,Card,Cancelled
ORD0402,2026-01-24,C008,Jannatul Ferdous,Female,27,Barishal,South,P005,Desk,Furniture,1,18000,15.0,bKash,Cancelled
ORD0403,2026-01-17,C010,Tania Sultana,Female,35,Rangpur,North,P011,Webcam,Electronics,1,5500,0.0,Cash,Completed
ORD0404,2026-07-23,C010,Tania Sultana,Female,35,Rangpur,North,P003,Smartphone,Electronics,1,45000,0.0,Card,Cancelled
ORD0405,2026-07-19,C004,Sadia Islam,Female,26,Sylhet,East,P010,Bookshelf,Furniture,3,9500,5.0,Card,Completed
ORD0406,2026-06-27,C009,Sakib Khan,Male,22,Cumilla,East,P012,USB Hub,Accessories,1,1800,0.0,Nagad,Completed
ORD0407,2026-06-24,C014,Rima Yasmin,Female,25,Khulna,South,P002,Headphones,Electronics,4,3500,0.0,Cash,Completed
ORD0408,2026-09-09,C013,Imran Kabir,Male,41,Rajshahi,North,P008,Backpack,Accessories,2,2800,0.0,Bank Transfer,Pending
ORD0409,2026-07-14,C007,Arif Hossain,Male,38,Dhaka,Central,P003,Smartphone,Electronics,1,45000,10.0,bKash,Completed
ORD0410,2026-02-12,C012,Sumaiya Noor,Female,30,Dhaka,Central,P002,Headphones,Electronics,2,3500,0.0,Nagad,Completed
ORD0411,2026-06-12,C012,Sumaiya Noor,Female,30,Dhaka,Central,P007,Monitor,Electronics,3,22000,0.0,Cash,Completed
ORD0412,2026-07-04,C005,Fahim Rahman,Male,31,Rajshahi,North,P008,Backpack,Accessories,2,2800,0.0,Card,Completed
ORD0413,2026-08-18,C003,Tanvir Hasan,Male,34,Dhaka,Central,P007,Monitor,Electronics,4,22000,0.0,Cash,Completed
ORD0414,2026-02-17,C006,Mim Akter,Female,23,Khulna,South,P009,Mouse,Electronics,3,1500,5.0,Cash,Completed
ORD0415,2026-02-13,C007,Arif Hossain,Male,38,Dhaka,Central,P007,Monitor,Electronics,2,22000,10.0,Bank Transfer,Completed
ORD0416,2026-03-28,C011,Mehedi Hasan,Male,28,Chattogram,East,P007,Monitor,Electronics,1,22000,0.0,bKash,Completed
ORD0417,2026-02-02,C008,Jannatul Ferdous,Female,27,Barishal,South,P003,Smartphone,Electronics,1,45000,5.0,bKash,Pending
ORD0418,2026-02-09,C005,Fahim Rahman,Male,31,Rajshahi,North,P008,Backpack,Accessories,3,2800,0.0,Card,Pending
ORD0419,2026-04-11,C010,Tania Sultana,Female,35,Rangpur,North,P010,Bookshelf,Furniture,5,9500,0.0,Card,Completed
ORD0420,2026-06-20,C001,Rahim Ahmed,Male,24,Dhaka,Central,P007,Monitor,Electronics,4,22000,0.0,Nagad,Completed
ORD0421,2026-03-11,C007,Arif Hossain,Male,38,Dhaka,Central,P011,Webcam,Electronics,2,5500,0.0,Bank Transfer,Completed
ORD0422,2026-04-01,C008,Jannatul Ferdous,Female,27,Barishal,South,P006,Keyboard,Electronics,4,2500,0.0,bKash,Pending
ORD0423,2026-06-16,C010,Tania Sultana,Female,35,Rangpur,North,P004,Office Chair,Furniture,4,12000,0.0,Nagad,Completed
ORD0424,2026-04-13,C002,Nusrat Jahan,Female,29,Chattogram,East,P010,Bookshelf,Furniture,1,9500,15.0,Bank Transfer,Completed
ORD0425,2026-04-18,C012,Sumaiya Noor,Female,30,Dhaka,Central,P008,Backpack,Accessories,5,2800,0.0,Cash,Pending
ORD0426,2026-03-13,C011,Mehedi Hasan,Male,28,Chattogram,East,P008,Backpack,Accessories,2,2800,0.0,bKash,Completed
ORD0427,2026-07-13,C012,Sumaiya Noor,Female,30,Dhaka,Central,P007,Monitor,Electronics,1,22000,5.0,Bank Transfer,Pending
ORD0428,2026-10-01,C010,Tania Sultana,Female,35,Rangpur,North,P007,Monitor,Electronics,4,22000,10.0,Cash,Completed
ORD0429,2026-02-13,C012,Sumaiya Noor,Female,30,Dhaka,Central,P009,Mouse,Electronics,1,1500,0.0,bKash,Completed
ORD0430,2026-01-23,C011,Mehedi Hasan,Male,28,Chattogram,East,P010,Bookshelf,Furniture,4,9500,0.0,Nagad,Completed
ORD0431,2026-05-13,C001,Rahim Ahmed,Male,24,Dhaka,Central,P002,Headphones,Electronics,2,3500,10.0,Bank Transfer,Cancelled
ORD0432,2026-04-24,C010,Tania Sultana,Female,35,Rangpur,North,P012,USB Hub,Accessories,5,1800,0.0,Nagad,Pending
ORD0433,2026-09-14,C013,Imran Kabir,Male,41,Rajshahi,North,P011,Webcam,Electronics,1,5500,0.0,Cash,Pending
ORD0434,2026-08-01,C002,Nusrat Jahan,Female,29,Chattogram,East,P005,Desk,Furniture,1,18000,0.0,Card,Completed
ORD0435,2026-08-22,C005,Fahim Rahman,Male,31,Rajshahi,North,P006,Keyboard,Electronics,2,2500,10.0,Nagad,Completed
ORD0436,2026-08-13,C008,Jannatul Ferdous,Female,27,Barishal,South,P002,Headphones,Electronics,5,3500,0.0,Cash,Completed
ORD0437,2026-02-28,C001,Rahim Ahmed,Male,24,Dhaka,Central,P012,USB Hub,Accessories,1,1800,0.0,Cash,Completed
ORD0438,2026-05-05,C015,Nayeem Islam,Male,33,Sylhet,East,P012,USB Hub,Accessories,1,1800,10.0,Card,Completed
ORD0439,2026-08-25,C009,Sakib Khan,Male,22,Cumilla,East,P007,Monitor,Electronics,2,22000,5.0,Card,Completed
ORD0440,2026-08-10,C011,Mehedi Hasan,Male,28,Chattogram,East,P011,Webcam,Electronics,4,5500,0.0,Bank Transfer,Completed
ORD0441,2026-08-08,C008,Jannatul Ferdous,Female,27,Barishal,South,P010,Bookshelf,Furniture,4,9500,0.0,Card,Completed
ORD0442,2026-02-02,C005,Fahim Rahman,Male,31,Rajshahi,North,P012,USB Hub,Accessories,1,1800,10.0,Card,Completed
ORD0443,2026-08-23,C006,Mim Akter,Female,23,Khulna,South,P004,Office Chair,Furniture,1,12000,0.0,Nagad,Cancelled
ORD0444,2026-07-18,C011,Mehedi Hasan,Male,28,Chattogram,East,P006,Keyboard,Electronics,4,2500,10.0,Cash,Completed
ORD0445,2026-03-30,C006,Mim Akter,Female,23,Khulna,South,P008,Backpack,Accessories,2,2800,10.0,Bank Transfer,Completed
ORD0446,2026-06-10,C011,Mehedi Hasan,Male,28,Chattogram,East,P003,Smartphone,Electronics,1,45000,0.0,bKash,Completed
ORD0447,2026-03-14,C003,Tanvir Hasan,Male,34,Dhaka,Central,P006,Keyboard,Electronics,4,2500,5.0,Bank Transfer,Completed
ORD0448,2026-08-05,C010,Tania Sultana,Female,35,Rangpur,North,P007,Monitor,Electronics,1,22000,5.0,Bank Transfer,Completed
ORD0449,2026-09-08,C009,Sakib Khan,Male,22,Cumilla,East,P003,Smartphone,Electronics,2,45000,0.0,Card,Completed
ORD0450,2026-01-28,C014,Rima Yasmin,Female,25,Khulna,South,P008,Backpack,Accessories,3,2800,0.0,Nagad,Completed
ORD0451,2026-09-16,C004,Sadia Islam,Female,26,Sylhet,East,P007,Monitor,Electronics,5,22000,5.0,Nagad,Pending
ORD0452,2026-09-08,C012,Sumaiya Noor,Female,30,Dhaka,Central,P008,Backpack,Accessories,1,2800,0.0,Bank Transfer,Completed
ORD0453,2026-05-30,C013,Imran Kabir,Male,41,Rajshahi,North,P004,Office Chair,Furniture,1,12000,0.0,Card,Cancelled
ORD0454,2026-08-23,C005,Fahim Rahman,Male,31,Rajshahi,North,P003,Smartphone,Electronics,5,45000,10.0,Bank Transfer,Completed
ORD0455,2026-05-18,C010,Tania Sultana,Female,35,Rangpur,North,P002,Headphones,Electronics,3,3500,10.0,Cash,Pending
ORD0456,2026-08-06,C009,Sakib Khan,Male,22,Cumilla,East,P004,Office Chair,Furniture,1,12000,15.0,Card,Completed
ORD0457,2026-08-19,C014,Rima Yasmin,Female,25,Khulna,South,P001,Laptop,Electronics,2,85000,0.0,Cash,Pending
ORD0458,2026-05-02,C014,Rima Yasmin,Female,25,Khulna,South,P002,Headphones,Electronics,2,3500,15.0,Bank Transfer,Completed
ORD0459,2026-08-08,C014,Rima Yasmin,Female,25,Khulna,South,P012,USB Hub,Accessories,1,1800,10.0,Card,Completed
ORD0460,2026-01-31,C014,Rima Yasmin,Female,25,Khulna,South,P004,Office Chair,Furniture,3,12000,10.0,bKash,Cancelled
ORD0461,2026-06-15,C009,Sakib Khan,Male,22,Cumilla,East,P003,Smartphone,Electronics,2,45000,0.0,Bank Transfer,Completed
ORD0462,2026-02-18,C014,Rima Yasmin,Female,25,Khulna,South,P009,Mouse,Electronics,1,1500,5.0,Cash,Completed
ORD0463,2026-03-06,C014,Rima Yasmin,Female,25,Khulna,South,P011,Webcam,Electronics,1,5500,0.0,Card,Completed
ORD0464,2026-07-21,C014,Rima Yasmin,Female,25,Khulna,South,P004,Office Chair,Furniture,5,12000,0.0,Bank Transfer,Completed
ORD0465,2026-07-12,C011,Mehedi Hasan,Male,28,Chattogram,East,P007,Monitor,Electronics,5,22000,0.0,Cash,Pending
ORD0466,2026-05-23,C009,Sakib Khan,Male,22,Cumilla,East,P012,USB Hub,Accessories,3,1800,5.0,Nagad,Completed
ORD0467,2026-02-17,C010,Tania Sultana,Female,35,Rangpur,North,P001,Laptop,Electronics,5,85000,15.0,bKash,Completed
ORD0468,2026-07-23,C013,Imran Kabir,Male,41,Rajshahi,North,P009,Mouse,Electronics,2,1500,5.0,Card,Pending
ORD0469,2026-05-26,C005,Fahim Rahman,Male,31,Rajshahi,North,P006,Keyboard,Electronics,3,2500,10.0,Bank Transfer,Completed
ORD0470,2026-06-25,C010,Tania Sultana,Female,35,Rangpur,North,P008,Backpack,Accessories,1,2800,0.0,Cash,Pending
ORD0471,2026-03-22,C001,Rahim Ahmed,Male,24,Dhaka,Central,P002,Headphones,Electronics,5,3500,5.0,Cash,Pending
ORD0472,2026-03-09,C004,Sadia Islam,Female,26,Sylhet,East,P012,USB Hub,Accessories,2,1800,0.0,bKash,Completed
ORD0473,2026-05-09,C011,Mehedi Hasan,Male,28,Chattogram,East,P006,Keyboard,Electronics,1,2500,0.0,Card,Completed
ORD0474,2026-06-06,C007,Arif Hossain,Male,38,Dhaka,Central,P011,Webcam,Electronics,2,5500,5.0,Cash,Completed
ORD0475,2026-09-02,C001,Rahim Ahmed,Male,24,Dhaka,Central,P004,Office Chair,Furniture,1,12000,0.0,Bank Transfer,Completed
ORD0476,2026-08-16,C009,Sakib Khan,Male,22,Cumilla,East,P011,Webcam,Electronics,1,5500,0.0,bKash,Completed
ORD0477,2026-03-09,C014,Rima Yasmin,Female,25,Khulna,South,P007,Monitor,Electronics,5,22000,0.0,Card,Pending
ORD0478,2026-02-22,C002,Nusrat Jahan,Female,29,Chattogram,East,P012,USB Hub,Accessories,1,1800,0.0,bKash,Completed
ORD0479,2026-03-10,C003,Tanvir Hasan,Male,34,Dhaka,Central,P007,Monitor,Electronics,1,22000,0.0,Bank Transfer,Cancelled
ORD0480,2026-03-26,C001,Rahim Ahmed,Male,24,Dhaka,Central,P010,Bookshelf,Furniture,5,9500,0.0,Card,Completed
ORD0481,2026-08-15,C015,Nayeem Islam,Male,33,Sylhet,East,P007,Monitor,Electronics,2,22000,0.0,Cash,Completed
ORD0482,2026-07-16,C013,Imran Kabir,Male,41,Rajshahi,North,P002,Headphones,Electronics,3,3500,5.0,bKash,Completed
ORD0483,2026-02-13,C004,Sadia Islam,Female,26,Sylhet,East,P005,Desk,Furniture,2,18000,10.0,Bank Transfer,Cancelled
ORD0484,2026-05-26,C012,Sumaiya Noor,Female,30,Dhaka,Central,P010,Bookshelf,Furniture,1,9500,15.0,bKash,Completed
ORD0485,2026-09-18,C009,Sakib Khan,Male,22,Cumilla,East,P010,Bookshelf,Furniture,2,9500,15.0,Nagad,Completed
ORD0486,2026-05-03,C011,Mehedi Hasan,Male,28,Chattogram,East,P001,Laptop,Electronics,5,85000,5.0,Cash,Completed
ORD0487,2026-02-06,C008,Jannatul Ferdous,Female,27,Barishal,South,P011,Webcam,Electronics,1,5500,0.0,bKash,Completed
ORD0488,2026-08-04,C007,Arif Hossain,Male,38,Dhaka,Central,P010,Bookshelf,Furniture,3,9500,10.0,Card,Pending
ORD0489,2026-01-09,C013,Imran Kabir,Male,41,Rajshahi,North,P002,Headphones,Electronics,1,3500,0.0,bKash,Completed
ORD0490,2026-07-23,C001,Rahim Ahmed,Male,24,Dhaka,Central,P001,Laptop,Electronics,2,85000,15.0,Bank Transfer,Pending
ORD0491,2026-07-25,C007,Arif Hossain,Male,38,Dhaka,Central,P012,USB Hub,Accessories,1,1800,15.0,Bank Transfer,Cancelled
ORD0492,2026-05-23,C010,Tania Sultana,Female,35,Rangpur,North,P003,Smartphone,Electronics,1,45000,0.0,Cash,Cancelled
ORD0493,2026-03-21,C015,Nayeem Islam,Male,33,Sylhet,East,P004,Office Chair,Furniture,3,12000,5.0,Bank Transfer,Completed
ORD0494,2026-08-12,C005,Fahim Rahman,Male,31,Rajshahi,North,P012,USB Hub,Accessories,2,1800,0.0,Card,Completed
ORD0495,2026-03-01,C015,Nayeem Islam,Male,33,Sylhet,East,P007,Monitor,Electronics,5,22000,10.0,Bank Transfer,Completed
ORD0496,2026-03-31,C005,Fahim Rahman,Male,31,Rajshahi,North,P011,Webcam,Electronics,1,5500,0.0,Card,Completed
ORD0497,2026-06-27,C003,Tanvir Hasan,Male,34,Dhaka,Central,P008,Backpack,Accessories,2,2800,0.0,bKash,Completed
ORD0498,2026-03-02,C012,Sumaiya Noor,Female,30,Dhaka,Central,P005,Desk,Furniture,1,18000,0.0,Nagad,Completed
ORD0499,2026-05-15,C009,Sakib Khan,Male,22,Cumilla,East,P002,Headphones,Electronics,1,3500,5.0,Nagad,Cancelled
ORD0500,2026-09-13,C006,Mim Akter,Female,23,Khulna,South,P001,Laptop,Electronics,1,85000,0.0,Card,Completed
ORD0501,2026-03-01,C013,Imran Kabir,Male,41,Rajshahi,North,P002,Headphones,Electronics,2,3500,15.0,Bank Transfer,Completed
ORD0502,2026-05-06,C001,Rahim Ahmed,Male,24,Dhaka,Central,P001,Laptop,Electronics,1,85000,5.0,bKash,Pending
ORD0503,2026-04-02,C015,Nayeem Islam,Male,33,Sylhet,East,P003,Smartphone,Electronics,1,45000,10.0,Nagad,Completed
ORD0504,2026-08-02,C006,Mim Akter,Female,23,Khulna,South,P004,Office Chair,Furniture,3,12000,0.0,Cash,Cancelled
ORD0505,2026-09-15,C006,Mim Akter,Female,23,Khulna,South,P002,Headphones,Electronics,1,3500,0.0,Card,Cancelled
ORD0506,2026-02-05,C001,Rahim Ahmed,Male,24,Dhaka,Central,P007,Monitor,Electronics,5,22000,0.0,bKash,Completed
ORD0507,2026-08-22,C002,Nusrat Jahan,Female,29,Chattogram,East,P009,Mouse,Electronics,1,1500,0.0,Card,Completed
ORD0508,2026-05-05,C010,Tania Sultana,Female,35,Rangpur,North,P005,Desk,Furniture,5,18000,0.0,Bank Transfer,Pending
ORD0509,2026-05-06,C013,Imran Kabir,Male,41,Rajshahi,North,P004,Office Chair,Furniture,1,12000,0.0,Nagad,Completed
ORD0510,2026-06-27,C004,Sadia Islam,Female,26,Sylhet,East,P009,Mouse,Electronics,1,1500,0.0,Cash,Pending
ORD0511,2026-06-07,C014,Rima Yasmin,Female,25,Khulna,South,P012,USB Hub,Accessories,1,1800,0.0,Bank Transfer,Completed
ORD0512,2026-01-31,C007,Arif Hossain,Male,38,Dhaka,Central,P008,Backpack,Accessories,1,2800,15.0,bKash,Completed
ORD0513,2026-09-24,C001,Rahim Ahmed,Male,24,Dhaka,Central,P004,Office Chair,Furniture,4,12000,15.0,bKash,Pending
ORD0514,2026-02-18,C012,Sumaiya Noor,Female,30,Dhaka,Central,P002,Headphones,Electronics,1,3500,15.0,Nagad,Completed
ORD0515,2026-02-01,C010,Tania Sultana,Female,35,Rangpur,North,P010,Bookshelf,Furniture,4,9500,15.0,Card,Completed
ORD0516,2026-06-11,C005,Fahim Rahman,Male,31,Rajshahi,North,P005,Desk,Furniture,4,18000,15.0,bKash,Completed
ORD0517,2026-04-30,C008,Jannatul Ferdous,Female,27,Barishal,South,P005,Desk,Furniture,1,18000,0.0,Card,Cancelled
ORD0518,2026-02-24,C002,Nusrat Jahan,Female,29,Chattogram,East,P003,Smartphone,Electronics,1,45000,5.0,Nagad,Completed
ORD0519,2026-07-03,C007,Arif Hossain,Male,38,Dhaka,Central,P002,Headphones,Electronics,2,3500,5.0,bKash,Pending
ORD0520,2026-02-16,C005,Fahim Rahman,Male,31,Rajshahi,North,P002,Headphones,Electronics,1,3500,15.0,bKash,Cancelled
ORD0521,2026-06-17,C001,Rahim Ahmed,Male,24,Dhaka,Central,P004,Office Chair,Furniture,1,12000,0.0,Card,Completed
ORD0522,2026-01-26,C007,Arif Hossain,Male,38,Dhaka,Central,P009,Mouse,Electronics,2,1500,0.0,Card,Completed
ORD0523,2026-05-08,C007,Arif Hossain,Male,38,Dhaka,Central,P008,Backpack,Accessories,1,2800,5.0,Cash,Completed
ORD0524,2026-02-01,C002,Nusrat Jahan,Female,29,Chattogram,East,P001,Laptop,Electronics,2,85000,0.0,Card,Pending
ORD0525,2026-02-13,C006,Mim Akter,Female,23,Khulna,South,P011,Webcam,Electronics,2,5500,0.0,Cash,Completed
ORD0526,2026-08-16,C004,Sadia Islam,Female,26,Sylhet,East,P011,Webcam,Electronics,1,5500,0.0,bKash,Completed
ORD0527,2026-01-26,C001,Rahim Ahmed,Male,24,Dhaka,Central,P008,Backpack,Accessories,1,2800,10.0,Nagad,Pending
ORD0528,2026-07-15,C008,Jannatul Ferdous,Female,27,Barishal,South,P001,Laptop,Electronics,4,85000,0.0,bKash,Completed
ORD0529,2026-05-21,C015,Nayeem Islam,Male,33,Sylhet,East,P003,Smartphone,Electronics,2,45000,5.0,Card,Completed
ORD0530,2026-05-06,C010,Tania Sultana,Female,35,Rangpur,North,P010,Bookshelf,Furniture,2,9500,5.0,Nagad,Cancelled
ORD0531,2026-02-14,C008,Jannatul Ferdous,Female,27,Barishal,South,P001,Laptop,Electronics,2,85000,5.0,Card,Pending
ORD0532,2026-09-27,C004,Sadia Islam,Female,26,Sylhet,East,P011,Webcam,Electronics,2,5500,15.0,Bank Transfer,Completed
ORD0533,2026-07-03,C007,Arif Hossain,Male,38,Dhaka,Central,P012,USB Hub,Accessories,5,1800,10.0,Nagad,Completed
ORD0534,2026-09-15,C015,Nayeem Islam,Male,33,Sylhet,East,P010,Bookshelf,Furniture,3,9500,5.0,bKash,Completed
ORD0535,2026-04-23,C001,Rahim Ahmed,Male,24,Dhaka,Central,P006,Keyboard,Electronics,1,2500,0.0,Cash,Pending
ORD0536,2026-04-30,C009,Sakib Khan,Male,22,Cumilla,East,P006,Keyboard,Electronics,1,2500,0.0,Card,Completed
ORD0537,2026-01-29,C005,Fahim Rahman,Male,31,Rajshahi,North,P009,Mouse,Electronics,2,1500,10.0,Nagad,Completed
ORD0538,2026-04-01,C015,Nayeem Islam,Male,33,Sylhet,East,P003,Smartphone,Electronics,2,45000,10.0,bKash,Completed
ORD0539,2026-01-15,C015,Nayeem Islam,Male,33,Sylhet,East,P010,Bookshelf,Furniture,3,9500,10.0,Bank Transfer,Completed
ORD0540,2026-09-10,C010,Tania Sultana,Female,35,Rangpur,North,P004,Office Chair,Furniture,2,12000,0.0,Nagad,Completed
ORD0541,2026-04-30,C002,Nusrat Jahan,Female,29,Chattogram,East,P001,Laptop,Electronics,2,85000,0.0,Bank Transfer,Pending
ORD0542,2026-04-14,C001,Rahim Ahmed,Male,24,Dhaka,Central,P006,Keyboard,Electronics,1,2500,0.0,Card,Completed
ORD0543,2026-03-17,C001,Rahim Ahmed,Male,24,Dhaka,Central,P001,Laptop,Electronics,1,85000,0.0,Bank Transfer,Completed
ORD0544,2026-07-22,C002,Nusrat Jahan,Female,29,Chattogram,East,P006,Keyboard,Electronics,1,2500,0.0,bKash,Completed
ORD0545,2026-08-12,C003,Tanvir Hasan,Male,34,Dhaka,Central,P003,Smartphone,Electronics,5,45000,15.0,bKash,Completed
ORD0546,2026-07-02,C012,Sumaiya Noor,Female,30,Dhaka,Central,P009,Mouse,Electronics,2,1500,15.0,Bank Transfer,Completed
ORD0547,2026-05-31,C007,Arif Hossain,Male,38,Dhaka,Central,P005,Desk,Furniture,1,18000,0.0,Cash,Cancelled
ORD0548,2026-01-17,C007,Arif Hossain,Male,38,Dhaka,Central,P010,Bookshelf,Furniture,1,9500,10.0,bKash,Cancelled
ORD0549,2026-02-23,C004,Sadia Islam,Female,26,Sylhet,East,P011,Webcam,Electronics,5,5500,0.0,bKash,Completed
ORD0550,2026-06-13,C004,Sadia Islam,Female,26,Sylhet,East,P006,Keyboard,Electronics,1,2500,15.0,Cash,Completed
ORD0551,2026-05-16,C008,Jannatul Ferdous,Female,27,Barishal,South,P001,Laptop,Electronics,2,85000,0.0,Cash,Completed
ORD0552,2026-01-01,C005,Fahim Rahman,Male,31,Rajshahi,North,P002,Headphones,Electronics,1,3500,5.0,Nagad,Pending
ORD0553,2026-09-10,C003,Tanvir Hasan,Male,34,Dhaka,Central,P007,Monitor,Electronics,4,22000,0.0,Bank Transfer,Pending
ORD0554,2026-04-26,C002,Nusrat Jahan,Female,29,Chattogram,East,P008,Backpack,Accessories,1,2800,5.0,Cash,Completed
ORD0555,2026-06-13,C005,Fahim Rahman,Male,31,Rajshahi,North,P001,Laptop,Electronics,2,85000,0.0,Cash,Completed
ORD0556,2026-03-24,C003,Tanvir Hasan,Male,34,Dhaka,Central,P007,Monitor,Electronics,1,22000,10.0,Cash,Completed
ORD0557,2026-09-05,C010,Tania Sultana,Female,35,Rangpur,North,P010,Bookshelf,Furniture,1,9500,5.0,Card,Cancelled
ORD0558,2026-03-22,C015,Nayeem Islam,Male,33,Sylhet,East,P007,Monitor,Electronics,1,22000,0.0,bKash,Completed
ORD0559,2026-05-16,C004,Sadia Islam,Female,26,Sylhet,East,P007,Monitor,Electronics,2,22000,0.0,Card,Completed
ORD0560,2026-09-09,C001,Rahim Ahmed,Male,24,Dhaka,Central,P007,Monitor,Electronics,1,22000,0.0,bKash,Completed
ORD0561,2026-05-31,C007,Arif Hossain,Male,38,Dhaka,Central,P002,Headphones,Electronics,5,3500,0.0,Cash,Completed
ORD0562,2026-05-30,C004,Sadia Islam,Female,26,Sylhet,East,P003,Smartphone,Electronics,1,45000,5.0,Cash,Completed
ORD0563,2026-08-30,C013,Imran Kabir,Male,41,Rajshahi,North,P007,Monitor,Electronics,5,22000,15.0,bKash,Completed
ORD0564,2026-07-18,C011,Mehedi Hasan,Male,28,Chattogram,East,P009,Mouse,Electronics,1,1500,0.0,Nagad,Completed
ORD0565,2026-01-23,C003,Tanvir Hasan,Male,34,Dhaka,Central,P008,Backpack,Accessories,2,2800,5.0,Nagad,Completed
ORD0566,2026-02-01,C004,Sadia Islam,Female,26,Sylhet,East,P005,Desk,Furniture,1,18000,15.0,Cash,Completed
ORD0567,2026-07-31,C011,Mehedi Hasan,Male,28,Chattogram,East,P006,Keyboard,Electronics,2,2500,10.0,Cash,Pending
ORD0568,2026-08-03,C014,Rima Yasmin,Female,25,Khulna,South,P009,Mouse,Electronics,5,1500,10.0,Card,Pending
ORD0569,2026-07-22,C005,Fahim Rahman,Male,31,Rajshahi,North,P002,Headphones,Electronics,1,3500,10.0,Bank Transfer,Cancelled
ORD0570,2026-03-17,C013,Imran Kabir,Male,41,Rajshahi,North,P010,Bookshelf,Furniture,1,9500,5.0,Card,Completed
ORD0571,2026-03-06,C004,Sadia Islam,Female,26,Sylhet,East,P004,Office Chair,Furniture,1,12000,5.0,Cash,Pending
ORD0572,2026-03-17,C004,Sadia Islam,Female,26,Sylhet,East,P011,Webcam,Electronics,2,5500,0.0,Cash,Completed
ORD0573,2026-07-23,C007,Arif Hossain,Male,38,Dhaka,Central,P009,Mouse,Electronics,3,1500,0.0,Bank Transfer,Pending
ORD0574,2026-09-25,C015,Nayeem Islam,Male,33,Sylhet,East,P001,Laptop,Electronics,4,85000,0.0,Nagad,Completed
ORD0575,2026-02-21,C003,Tanvir Hasan,Male,34,Dhaka,Central,P010,Bookshelf,Furniture,1,9500,10.0,Cash,Completed
ORD0576,2026-06-26,C014,Rima Yasmin,Female,25,Khulna,South,P009,Mouse,Electronics,4,1500,0.0,Nagad,Pending
ORD0577,2026-08-31,C010,Tania Sultana,Female,35,Rangpur,North,P010,Bookshelf,Furniture,1,9500,0.0,bKash,Pending
ORD0578,2026-07-25,C003,Tanvir Hasan,Male,34,Dhaka,Central,P010,Bookshelf,Furniture,1,9500,5.0,bKash,Completed
ORD0579,2026-09-01,C001,Rahim Ahmed,Male,24,Dhaka,Central,P012,USB Hub,Accessories,2,1800,0.0,Cash,Completed
ORD0580,2026-06-09,C014,Rima Yasmin,Female,25,Khulna,South,P005,Desk,Furniture,2,18000,5.0,Cash,Completed
ORD0581,2026-08-15,C003,Tanvir Hasan,Male,34,Dhaka,Central,P005,Desk,Furniture,3,18000,0.0,Nagad,Cancelled
ORD0582,2026-04-07,C011,Mehedi Hasan,Male,28,Chattogram,East,P002,Headphones,Electronics,5,3500,0.0,Nagad,Pending
ORD0583,2026-07-11,C013,Imran Kabir,Male,41,Rajshahi,North,P009,Mouse,Electronics,1,1500,10.0,Card,Completed
ORD0584,2026-09-17,C005,Fahim Rahman,Male,31,Rajshahi,North,P012,USB Hub,Accessories,4,1800,0.0,Bank Transfer,Cancelled
ORD0585,2026-04-09,C001,Rahim Ahmed,Male,24,Dhaka,Central,P003,Smartphone,Electronics,2,45000,0.0,Card,Completed
ORD0586,2026-07-04,C008,Jannatul Ferdous,Female,27,Barishal,South,P001,Laptop,Electronics,2,85000,0.0,bKash,Pending
ORD0587,2026-03-05,C009,Sakib Khan,Male,22,Cumilla,East,P007,Monitor,Electronics,1,22000,0.0,bKash,Pending
ORD0588,2026-04-01,C010,Tania Sultana,Female,35,Rangpur,North,P008,Backpack,Accessories,5,2800,10.0,Bank Transfer,Completed
ORD0589,2026-05-13,C006,Mim Akter,Female,23,Khulna,South,P003,Smartphone,Electronics,1,45000,0.0,Cash,Pending
ORD0590,2026-04-20,C001,Rahim Ahmed,Male,24,Dhaka,Central,P003,Smartphone,Electronics,2,45000,15.0,Card,Completed
ORD0591,2026-07-29,C005,Fahim Rahman,Male,31,Rajshahi,North,P011,Webcam,Electronics,1,5500,15.0,Cash,Pending
ORD0592,2026-03-30,C015,Nayeem Islam,Male,33,Sylhet,East,P003,Smartphone,Electronics,1,45000,0.0,bKash,Cancelled
ORD0593,2026-05-21,C013,Imran Kabir,Male,41,Rajshahi,North,P005,Desk,Furniture,4,18000,5.0,bKash,Pending
ORD0594,2026-08-27,C005,Fahim Rahman,Male,31,Rajshahi,North,P004,Office Chair,Furniture,2,12000,15.0,Bank Transfer,Cancelled
ORD0595,2026-02-22,C007,Arif Hossain,Male,38,Dhaka,Central,P010,Bookshelf,Furniture,1,9500,10.0,bKash,Cancelled
ORD0596,2026-05-25,C011,Mehedi Hasan,Male,28,Chattogram,East,P010,Bookshelf,Furniture,2,9500,15.0,Cash,Pending
ORD0597,2026-05-22,C002,Nusrat Jahan,Female,29,Chattogram,East,P006,Keyboard,Electronics,3,2500,0.0,bKash,Completed
ORD0598,2026-09-22,C004,Sadia Islam,Female,26,Sylhet,East,P003,Smartphone,Electronics,2,45000,0.0,Bank Transfer,Pending
ORD0599,2026-03-13,C011,Mehedi Hasan,Male,28,Chattogram,East,P006,Keyboard,Electronics,1,2500,15.0,Nagad,Completed
ORD0600,2026-07-27,C005,Fahim Rahman,Male,31,Rajshahi,North,P007,Monitor,Electronics,4,22000,15.0,Cash,Cancelled
ORD0601,2026-04-08,C012,Sumaiya Noor,Female,30,Dhaka,Central,P010,Bookshelf,Furniture,3,9500,15.0,Card,Cancelled
ORD0602,2026-07-03,C011,Mehedi Hasan,Male,28,Chattogram,East,P008,Backpack,Accessories,2,2800,0.0,Bank Transfer,Completed
ORD0603,2026-08-30,C005,Fahim Rahman,Male,31,Rajshahi,North,P002,Headphones,Electronics,1,3500,15.0,bKash,Cancelled
ORD0604,2026-06-21,C013,Imran Kabir,Male,41,Rajshahi,North,P003,Smartphone,Electronics,1,45000,0.0,bKash,Completed
ORD0605,2026-08-04,C012,Sumaiya Noor,Female,30,Dhaka,Central,P005,Desk,Furniture,3,18000,0.0,bKash,Cancelled
ORD0606,2026-03-02,C005,Fahim Rahman,Male,31,Rajshahi,North,P008,Backpack,Accessories,5,2800,0.0,Bank Transfer,Cancelled
ORD0607,2026-08-30,C010,Tania Sultana,Female,35,Rangpur,North,P002,Headphones,Electronics,2,3500,10.0,Cash,Pending
ORD0608,2026-07-31,C009,Sakib Khan,Male,22,Cumilla,East,P005,Desk,Furniture,1,18000,0.0,Card,Completed
ORD0609,2026-08-23,C006,Mim Akter,Female,23,Khulna,South,P007,Monitor,Electronics,1,22000,0.0,Card,Completed
ORD0610,2026-04-01,C008,Jannatul Ferdous,Female,27,Barishal,South,P006,Keyboard,Electronics,3,2500,15.0,Cash,Completed
ORD0611,2026-04-18,C008,Jannatul Ferdous,Female,27,Barishal,South,P005,Desk,Furniture,1,18000,10.0,Card,Pending
ORD0612,2026-03-08,C013,Imran Kabir,Male,41,Rajshahi,North,P002,Headphones,Electronics,4,3500,15.0,Nagad,Pending
ORD0613,2026-07-16,C007,Arif Hossain,Male,38,Dhaka,Central,P008,Backpack,Accessories,1,2800,0.0,Bank Transfer,Completed
ORD0614,2026-01-08,C012,Sumaiya Noor,Female,30,Dhaka,Central,P006,Keyboard,Electronics,3,2500,10.0,Card,Completed
ORD0615,2026-05-08,C011,Mehedi Hasan,Male,28,Chattogram,East,P001,Laptop,Electronics,2,85000,15.0,bKash,Completed
ORD0616,2026-07-16,C003,Tanvir Hasan,Male,34,Dhaka,Central,P002,Headphones,Electronics,2,3500,0.0,Cash,Completed
ORD0617,2026-08-22,C005,Fahim Rahman,Male,31,Rajshahi,North,P005,Desk,Furniture,3,18000,5.0,Card,Completed
ORD0618,2026-07-03,C015,Nayeem Islam,Male,33,Sylhet,East,P008,Backpack,Accessories,2,2800,0.0,Nagad,Completed
ORD0619,2026-03-09,C004,Sadia Islam,Female,26,Sylhet,East,P004,Office Chair,Furniture,2,12000,15.0,Cash,Cancelled
ORD0620,2026-03-05,C009,Sakib Khan,Male,22,Cumilla,East,P003,Smartphone,Electronics,3,45000,15.0,Cash,Pending
ORD0621,2026-05-11,C015,Nayeem Islam,Male,33,Sylhet,East,P011,Webcam,Electronics,1,5500,10.0,Cash,Completed
ORD0622,2026-01-25,C011,Mehedi Hasan,Male,28,Chattogram,East,P001,Laptop,Electronics,1,85000,5.0,Nagad,Pending
ORD0623,2026-05-10,C002,Nusrat Jahan,Female,29,Chattogram,East,P009,Mouse,Electronics,5,1500,15.0,Card,Completed
ORD0624,2026-01-05,C012,Sumaiya Noor,Female,30,Dhaka,Central,P011,Webcam,Electronics,2,5500,5.0,Cash,Cancelled
ORD0625,2026-03-12,C005,Fahim Rahman,Male,31,Rajshahi,North,P010,Bookshelf,Furniture,4,9500,0.0,Bank Transfer,Cancelled
ORD0626,2026-02-28,C002,Nusrat Jahan,Female,29,Chattogram,East,P005,Desk,Furniture,1,18000,5.0,Card,Cancelled
ORD0627,2026-09-25,C004,Sadia Islam,Female,26,Sylhet,East,P005,Desk,Furniture,2,18000,0.0,Nagad,Completed
ORD0628,2026-09-12,C003,Tanvir Hasan,Male,34,Dhaka,Central,P001,Laptop,Electronics,2,85000,15.0,Nagad,Completed
ORD0629,2026-01-07,C004,Sadia Islam,Female,26,Sylhet,East,P001,Laptop,Electronics,1,85000,0.0,Bank Transfer,Pending
ORD0630,2026-09-19,C003,Tanvir Hasan,Male,34,Dhaka,Central,P002,Headphones,Electronics,1,3500,15.0,Cash,Completed
ORD0631,2026-08-22,C011,Mehedi Hasan,Male,28,Chattogram,East,P004,Office Chair,Furniture,2,12000,0.0,Nagad,Completed
ORD0632,2026-01-21,C002,Nusrat Jahan,Female,29,Chattogram,East,P003,Smartphone,Electronics,2,45000,0.0,bKash,Pending
ORD0633,2026-02-18,C012,Sumaiya Noor,Female,30,Dhaka,Central,P002,Headphones,Electronics,1,3500,0.0,Card,Completed
ORD0634,2026-08-13,C006,Mim Akter,Female,23,Khulna,South,P006,Keyboard,Electronics,2,2500,15.0,Cash,Completed
ORD0635,2026-04-04,C014,Rima Yasmin,Female,25,Khulna,South,P006,Keyboard,Electronics,1,2500,5.0,Nagad,Pending
ORD0636,2026-09-02,C005,Fahim Rahman,Male,31,Rajshahi,North,P007,Monitor,Electronics,4,22000,15.0,Card,Completed
ORD0637,2026-01-31,C003,Tanvir Hasan,Male,34,Dhaka,Central,P012,USB Hub,Accessories,1,1800,0.0,Nagad,Cancelled
ORD0638,2026-08-13,C008,Jannatul Ferdous,Female,27,Barishal,South,P010,Bookshelf,Furniture,1,9500,10.0,Nagad,Completed
ORD0639,2026-03-08,C010,Tania Sultana,Female,35,Rangpur,North,P001,Laptop,Electronics,5,85000,5.0,Cash,Pending
ORD0640,2026-02-02,C008,Jannatul Ferdous,Female,27,Barishal,South,P001,Laptop,Electronics,2,85000,15.0,bKash,Completed
ORD0641,2026-09-26,C012,Sumaiya Noor,Female,30,Dhaka,Central,P011,Webcam,Electronics,2,5500,15.0,bKash,Cancelled
ORD0642,2026-02-18,C009,Sakib Khan,Male,22,Cumilla,East,P012,USB Hub,Accessories,4,1800,15.0,Card,Pending
ORD0643,2026-07-17,C006,Mim Akter,Female,23,Khulna,South,P011,Webcam,Electronics,1,5500,10.0,Bank Transfer,Completed
ORD0644,2026-03-22,C001,Rahim Ahmed,Male,24,Dhaka,Central,P011,Webcam,Electronics,5,5500,5.0,Card,Completed
ORD0645,2026-06-14,C013,Imran Kabir,Male,41,Rajshahi,North,P008,Backpack,Accessories,2,2800,0.0,bKash,Completed
ORD0646,2026-07-13,C009,Sakib Khan,Male,22,Cumilla,East,P004,Office Chair,Furniture,4,12000,0.0,Cash,Pending
ORD0647,2026-08-18,C008,Jannatul Ferdous,Female,27,Barishal,South,P010,Bookshelf,Furniture,1,9500,5.0,Nagad,Completed
ORD0648,2026-01-10,C002,Nusrat Jahan,Female,29,Chattogram,East,P008,Backpack,Accessories,1,2800,5.0,Nagad,Completed
ORD0649,2026-01-01,C009,Sakib Khan,Male,22,Cumilla,East,P009,Mouse,Electronics,1,1500,10.0,Bank Transfer,Completed
ORD0650,2026-04-16,C015,Nayeem Islam,Male,33,Sylhet,East,P009,Mouse,Electronics,5,1500,0.0,bKash,Completed
ORD0651,2026-08-21,C014,Rima Yasmin,Female,25,Khulna,South,P004,Office Chair,Furniture,3,12000,10.0,Bank Transfer,Cancelled
ORD0652,2026-07-06,C008,Jannatul Ferdous,Female,27,Barishal,South,P012,USB Hub,Accessories,5,1800,0.0,Cash,Completed
ORD0653,2026-07-01,C001,Rahim Ahmed,Male,24,Dhaka,Central,P006,Keyboard,Electronics,2,2500,10.0,Bank Transfer,Completed
ORD0654,2026-01-24,C012,Sumaiya Noor,Female,30,Dhaka,Central,P002,Headphones,Electronics,1,3500,5.0,Card,Pending
ORD0655,2026-04-11,C002,Nusrat Jahan,Female,29,Chattogram,East,P005,Desk,Furniture,2,18000,0.0,Nagad,Completed
ORD0656,2026-06-23,C008,Jannatul Ferdous,Female,27,Barishal,South,P004,Office Chair,Furniture,1,12000,5.0,Cash,Cancelled
ORD0657,2026-08-23,C002,Nusrat Jahan,Female,29,Chattogram,East,P008,Backpack,Accessories,1,2800,5.0,Cash,Cancelled
ORD0658,2026-08-10,C012,Sumaiya Noor,Female,30,Dhaka,Central,P001,Laptop,Electronics,5,85000,10.0,Card,Cancelled
ORD0659,2026-03-07,C003,Tanvir Hasan,Male,34,Dhaka,Central,P012,USB Hub,Accessories,1,1800,5.0,Bank Transfer,Cancelled
ORD0660,2026-09-16,C015,Nayeem Islam,Male,33,Sylhet,East,P006,Keyboard,Electronics,4,2500,5.0,Bank Transfer,Completed
ORD0661,2026-06-25,C005,Fahim Rahman,Male,31,Rajshahi,North,P007,Monitor,Electronics,2,22000,5.0,Card,Completed
ORD0662,2026-09-20,C007,Arif Hossain,Male,38,Dhaka,Central,P010,Bookshelf,Furniture,2,9500,15.0,Bank Transfer,Completed
ORD0663,2026-04-22,C012,Sumaiya Noor,Female,30,Dhaka,Central,P012,USB Hub,Accessories,2,1800,0.0,Bank Transfer,Completed
ORD0664,2026-03-09,C011,Mehedi Hasan,Male,28,Chattogram,East,P006,Keyboard,Electronics,1,2500,10.0,Bank Transfer,Completed
ORD0665,2026-06-30,C012,Sumaiya Noor,Female,30,Dhaka,Central,P002,Headphones,Electronics,5,3500,10.0,Bank Transfer,Pending
ORD0666,2026-10-01,C011,Mehedi Hasan,Male,28,Chattogram,East,P012,USB Hub,Accessories,2,1800,5.0,Cash,Cancelled
ORD0667,2026-07-15,C002,Nusrat Jahan,Female,29,Chattogram,East,P001,Laptop,Electronics,1,85000,0.0,Cash,Completed
ORD0668,2026-05-27,C005,Fahim Rahman,Male,31,Rajshahi,North,P003,Smartphone,Electronics,2,45000,0.0,Cash,Completed
ORD0669,2026-01-17,C004,Sadia Islam,Female,26,Sylhet,East,P009,Mouse,Electronics,3,1500,5.0,Cash,Cancelled
ORD0670,2026-04-25,C014,Rima Yasmin,Female,25,Khulna,South,P011,Webcam,Electronics,4,5500,0.0,Bank Transfer,Completed
ORD0671,2026-01-25,C012,Sumaiya Noor,Female,30,Dhaka,Central,P011,Webcam,Electronics,4,5500,5.0,Nagad,Completed
ORD0672,2026-01-07,C009,Sakib Khan,Male,22,Cumilla,East,P001,Laptop,Electronics,2,85000,0.0,Bank Transfer,Pending
ORD0673,2026-07-08,C014,Rima Yasmin,Female,25,Khulna,South,P004,Office Chair,Furniture,2,12000,15.0,Card,Completed
ORD0674,2026-02-08,C008,Jannatul Ferdous,Female,27,Barishal,South,P003,Smartphone,Electronics,1,45000,0.0,Bank Transfer,Completed
ORD0675,2026-08-08,C007,Arif Hossain,Male,38,Dhaka,Central,P001,Laptop,Electronics,2,85000,10.0,bKash,Completed
ORD0676,2026-05-11,C003,Tanvir Hasan,Male,34,Dhaka,Central,P010,Bookshelf,Furniture,1,9500,0.0,Nagad,Completed
ORD0677,2026-06-15,C001,Rahim Ahmed,Male,24,Dhaka,Central,P003,Smartphone,Electronics,1,45000,15.0,Bank Transfer,Completed
ORD0678,2026-07-03,C008,Jannatul Ferdous,Female,27,Barishal,South,P010,Bookshelf,Furniture,1,9500,15.0,bKash,Cancelled
ORD0679,2026-09-24,C004,Sadia Islam,Female,26,Sylhet,East,P003,Smartphone,Electronics,1,45000,10.0,Card,Pending
ORD0680,2026-07-26,C009,Sakib Khan,Male,22,Cumilla,East,P009,Mouse,Electronics,1,1500,0.0,Card,Completed
ORD0681,2026-06-19,C011,Mehedi Hasan,Male,28,Chattogram,East,P006,Keyboard,Electronics,3,2500,0.0,Card,Cancelled
ORD0682,2026-01-05,C009,Sakib Khan,Male,22,Cumilla,East,P008,Backpack,Accessories,1,2800,15.0,bKash,Pending
ORD0683,2026-05-05,C004,Sadia Islam,Female,26,Sylhet,East,P011,Webcam,Electronics,1,5500,15.0,bKash,Pending
ORD0684,2026-07-17,C015,Nayeem Islam,Male,33,Sylhet,East,P002,Headphones,Electronics,2,3500,10.0,bKash,Completed
ORD0685,2026-07-11,C015,Nayeem Islam,Male,33,Sylhet,East,P009,Mouse,Electronics,5,1500,5.0,Cash,Completed
ORD0686,2026-04-09,C015,Nayeem Islam,Male,33,Sylhet,East,P011,Webcam,Electronics,3,5500,10.0,Cash,Completed
ORD0687,2026-10-01,C003,Tanvir Hasan,Male,34,Dhaka,Central,P009,Mouse,Electronics,1,1500,15.0,Cash,Completed
ORD0688,2026-04-20,C011,Mehedi Hasan,Male,28,Chattogram,East,P011,Webcam,Electronics,4,5500,0.0,Card,Cancelled
ORD0689,2026-08-11,C014,Rima Yasmin,Female,25,Khulna,South,P012,USB Hub,Accessories,1,1800,15.0,Card,Completed
ORD0690,2026-06-19,C008,Jannatul Ferdous,Female,27,Barishal,South,P012,USB Hub,Accessories,1,1800,0.0,Cash,Completed
ORD0691,2026-02-06,C003,Tanvir Hasan,Male,34,Dhaka,Central,P005,Desk,Furniture,2,18000,0.0,Nagad,Pending
ORD0692,2026-07-27,C008,Jannatul Ferdous,Female,27,Barishal,South,P011,Webcam,Electronics,4,5500,0.0,Cash,Pending
ORD0693,2026-10-01,C011,Mehedi Hasan,Male,28,Chattogram,East,P002,Headphones,Electronics,1,3500,15.0,Bank Transfer,Completed
ORD0694,2026-01-24,C013,Imran Kabir,Male,41,Rajshahi,North,P012,USB Hub,Accessories,1,1800,0.0,Bank Transfer,Completed
ORD0695,2026-06-04,C005,Fahim Rahman,Male,31,Rajshahi,North,P011,Webcam,Electronics,1,5500,0.0,Nagad,Pending
ORD0696,2026-01-16,C007,Arif Hossain,Male,38,Dhaka,Central,P011,Webcam,Electronics,5,5500,0.0,Bank Transfer,Completed
ORD0697,2026-07-20,C003,Tanvir Hasan,Male,34,Dhaka,Central,P012,USB Hub,Accessories,2,1800,15.0,Card,Completed
ORD0698,2026-07-11,C011,Mehedi Hasan,Male,28,Chattogram,East,P012,USB Hub,Accessories,1,1800,10.0,Bank Transfer,Completed
ORD0699,2026-01-03,C002,Nusrat Jahan,Female,29,Chattogram,East,P001,Laptop,Electronics,4,85000,10.0,Bank Transfer,Completed
ORD0700,2026-06-26,C005,Fahim Rahman,Male,31,Rajshahi,North,P004,Office Chair,Furniture,2,12000,5.0,Bank Transfer,Completed
ORD0701,2026-04-24,C003,Tanvir Hasan,Male,34,Dhaka,Central,P003,Smartphone,Electronics,2,45000,0.0,Cash,Completed
ORD0702,2026-01-28,C011,Mehedi Hasan,Male,28,Chattogram,East,P010,Bookshelf,Furniture,5,9500,15.0,Bank Transfer,Completed
ORD0703,2026-02-04,C005,Fahim Rahman,Male,31,Rajshahi,North,P011,Webcam,Electronics,2,5500,0.0,Card,Cancelled
ORD0704,2026-07-02,C008,Jannatul Ferdous,Female,27,Barishal,South,P006,Keyboard,Electronics,1,2500,15.0,Card,Completed
ORD0705,2026-02-05,C005,Fahim Rahman,Male,31,Rajshahi,North,P010,Bookshelf,Furniture,2,9500,0.0,Nagad,Pending
ORD0706,2026-06-06,C006,Mim Akter,Female,23,Khulna,South,P010,Bookshelf,Furniture,1,9500,10.0,Bank Transfer,Completed
ORD0707,2026-08-08,C013,Imran Kabir,Male,41,Rajshahi,North,P006,Keyboard,Electronics,1,2500,0.0,bKash,Completed
ORD0708,2026-08-12,C013,Imran Kabir,Male,41,Rajshahi,North,P004,Office Chair,Furniture,2,12000,0.0,Card,Completed
ORD0709,2026-08-25,C015,Nayeem Islam,Male,33,Sylhet,East,P008,Backpack,Accessories,5,2800,0.0,bKash,Pending
ORD0710,2026-03-31,C009,Sakib Khan,Male,22,Cumilla,East,P002,Headphones,Electronics,1,3500,0.0,Card,Cancelled
ORD0711,2026-02-09,C004,Sadia Islam,Female,26,Sylhet,East,P005,Desk,Furniture,1,18000,0.0,Bank Transfer,Completed
ORD0712,2026-07-27,C014,Rima Yasmin,Female,25,Khulna,South,P010,Bookshelf,Furniture,2,9500,0.0,Bank Transfer,Completed
ORD0713,2026-08-30,C009,Sakib Khan,Male,22,Cumilla,East,P009,Mouse,Electronics,1,1500,0.0,Nagad,Completed
ORD0714,2026-05-29,C015,Nayeem Islam,Male,33,Sylhet,East,P010,Bookshelf,Furniture,1,9500,5.0,Bank Transfer,Cancelled
ORD0715,2026-07-06,C002,Nusrat Jahan,Female,29,Chattogram,East,P007,Monitor,Electronics,1,22000,15.0,Card,Cancelled
ORD0716,2026-09-21,C011,Mehedi Hasan,Male,28,Chattogram,East,P003,Smartphone,Electronics,1,45000,5.0,Card,Completed
ORD0717,2026-03-16,C010,Tania Sultana,Female,35,Rangpur,North,P010,Bookshelf,Furniture,5,9500,0.0,Cash,Completed
ORD0718,2026-04-29,C013,Imran Kabir,Male,41,Rajshahi,North,P008,Backpack,Accessories,1,2800,0.0,bKash,Completed
ORD0719,2026-04-16,C001,Rahim Ahmed,Male,24,Dhaka,Central,P011,Webcam,Electronics,3,5500,5.0,Nagad,Pending
ORD0720,2026-01-21,C015,Nayeem Islam,Male,33,Sylhet,East,P001,Laptop,Electronics,3,85000,0.0,Bank Transfer,Completed
ORD0721,2026-05-15,C014,Rima Yasmin,Female,25,Khulna,South,P012,USB Hub,Accessories,1,1800,5.0,Nagad,Completed
ORD0722,2026-02-09,C010,Tania Sultana,Female,35,Rangpur,North,P011,Webcam,Electronics,2,5500,5.0,Card,Cancelled
ORD0723,2026-06-26,C007,Arif Hossain,Male,38,Dhaka,Central,P006,Keyboard,Electronics,5,2500,5.0,Bank Transfer,Completed
ORD0724,2026-08-14,C009,Sakib Khan,Male,22,Cumilla,East,P003,Smartphone,Electronics,1,45000,0.0,Cash,Cancelled
ORD0725,2026-04-19,C011,Mehedi Hasan,Male,28,Chattogram,East,P005,Desk,Furniture,1,18000,0.0,Card,Completed
ORD0726,2026-03-02,C010,Tania Sultana,Female,35,Rangpur,North,P012,USB Hub,Accessories,2,1800,5.0,bKash,Completed
ORD0727,2026-09-03,C008,Jannatul Ferdous,Female,27,Barishal,South,P011,Webcam,Electronics,5,5500,0.0,Bank Transfer,Completed
ORD0728,2026-01-12,C011,Mehedi Hasan,Male,28,Chattogram,East,P007,Monitor,Electronics,2,22000,0.0,Card,Cancelled
ORD0729,2026-03-10,C010,Tania Sultana,Female,35,Rangpur,North,P003,Smartphone,Electronics,1,45000,10.0,Card,Completed
ORD0730,2026-04-03,C003,Tanvir Hasan,Male,34,Dhaka,Central,P005,Desk,Furniture,4,18000,10.0,Bank Transfer,Completed
ORD0731,2026-05-26,C015,Nayeem Islam,Male,33,Sylhet,East,P012,USB Hub,Accessories,1,1800,0.0,Nagad,Cancelled
ORD0732,2026-03-29,C008,Jannatul Ferdous,Female,27,Barishal,South,P008,Backpack,Accessories,2,2800,5.0,Bank Transfer,Completed
ORD0733,2026-04-04,C013,Imran Kabir,Male,41,Rajshahi,North,P010,Bookshelf,Furniture,2,9500,0.0,bKash,Pending
ORD0734,2026-02-05,C010,Tania Sultana,Female,35,Rangpur,North,P010,Bookshelf,Furniture,2,9500,5.0,Nagad,Completed
ORD0735,2026-04-14,C002,Nusrat Jahan,Female,29,Chattogram,East,P001,Laptop,Electronics,4,85000,0.0,Bank Transfer,Completed
ORD0736,2026-01-20,C003,Tanvir Hasan,Male,34,Dhaka,Central,P008,Backpack,Accessories,1,2800,0.0,Nagad,Completed
ORD0737,2026-01-01,C015,Nayeem Islam,Male,33,Sylhet,East,P010,Bookshelf,Furniture,4,9500,10.0,Nagad,Completed
ORD0738,2026-09-29,C014,Rima Yasmin,Female,25,Khulna,South,P001,Laptop,Electronics,4,85000,0.0,Nagad,Pending
ORD0739,2026-02-20,C006,Mim Akter,Female,23,Khulna,South,P010,Bookshelf,Furniture,4,9500,0.0,bKash,Pending
ORD0740,2026-02-12,C013,Imran Kabir,Male,41,Rajshahi,North,P004,Office Chair,Furniture,2,12000,10.0,Bank Transfer,Pending
ORD0741,2026-01-03,C005,Fahim Rahman,Male,31,Rajshahi,North,P004,Office Chair,Furniture,1,12000,10.0,Bank Transfer,Completed
ORD0742,2026-07-12,C009,Sakib Khan,Male,22,Cumilla,East,P001,Laptop,Electronics,2,85000,15.0,bKash,Pending
ORD0743,2026-03-21,C006,Mim Akter,Female,23,Khulna,South,P002,Headphones,Electronics,4,3500,15.0,Bank Transfer,Completed
ORD0744,2026-08-05,C005,Fahim Rahman,Male,31,Rajshahi,North,P009,Mouse,Electronics,3,1500,10.0,bKash,Pending
ORD0745,2026-07-31,C013,Imran Kabir,Male,41,Rajshahi,North,P004,Office Chair,Furniture,5,12000,0.0,bKash,Cancelled
ORD0746,2026-05-10,C009,Sakib Khan,Male,22,Cumilla,East,P008,Backpack,Accessories,2,2800,10.0,bKash,Pending
ORD0747,2026-03-02,C012,Sumaiya Noor,Female,30,Dhaka,Central,P003,Smartphone,Electronics,2,45000,5.0,Card,Completed
ORD0748,2026-07-25,C004,Sadia Islam,Female,26,Sylhet,East,P009,Mouse,Electronics,3,1500,10.0,Bank Transfer,Completed
ORD0749,2026-01-03,C003,Tanvir Hasan,Male,34,Dhaka,Central,P007,Monitor,Electronics,1,22000,0.0,Nagad,Cancelled
ORD0750,2026-02-02,C007,Arif Hossain,Male,38,Dhaka,Central,P002,Headphones,Electronics,2,3500,0.0,bKash,Completed
ORD0751,2026-07-16,C010,Tania Sultana,Female,35,Rangpur,North,P001,Laptop,Electronics,4,85000,10.0,Bank Transfer,Completed
ORD0752,2026-01-30,C012,Sumaiya Noor,Female,30,Dhaka,Central,P010,Bookshelf,Furniture,1,9500,15.0,Nagad,Pending
ORD0753,2026-09-23,C001,Rahim Ahmed,Male,24,Dhaka,Central,P004,Office Chair,Furniture,2,12000,0.0,Cash,Cancelled
ORD0754,2026-04-29,C009,Sakib Khan,Male,22,Cumilla,East,P009,Mouse,Electronics,1,1500,15.0,Cash,Completed
ORD0755,2026-01-01,C004,Sadia Islam,Female,26,Sylhet,East,P011,Webcam,Electronics,1,5500,0.0,bKash,Pending
ORD0756,2026-07-22,C006,Mim Akter,Female,23,Khulna,South,P011,Webcam,Electronics,4,5500,10.0,Card,Cancelled
ORD0757,2026-02-05,C001,Rahim Ahmed,Male,24,Dhaka,Central,P012,USB Hub,Accessories,1,1800,10.0,bKash,Cancelled
ORD0758,2026-06-28,C015,Nayeem Islam,Male,33,Sylhet,East,P010,Bookshelf,Furniture,3,9500,0.0,Card,Cancelled
ORD0759,2026-07-26,C004,Sadia Islam,Female,26,Sylhet,East,P008,Backpack,Accessories,1,2800,0.0,Card,Pending
ORD0760,2026-02-07,C009,Sakib Khan,Male,22,Cumilla,East,P002,Headphones,Electronics,2,3500,0.0,Cash,Cancelled
ORD0761,2026-05-09,C005,Fahim Rahman,Male,31,Rajshahi,North,P009,Mouse,Electronics,5,1500,5.0,Bank Transfer,Pending
ORD0762,2026-06-23,C013,Imran Kabir,Male,41,Rajshahi,North,P004,Office Chair,Furniture,5,12000,15.0,Nagad,Cancelled
ORD0763,2026-09-04,C014,Rima Yasmin,Female,25,Khulna,South,P001,Laptop,Electronics,1,85000,0.0,Cash,Pending
ORD0764,2026-04-28,C011,Mehedi Hasan,Male,28,Chattogram,East,P004,Office Chair,Furniture,3,12000,5.0,bKash,Cancelled
ORD0765,2026-05-15,C009,Sakib Khan,Male,22,Cumilla,East,P001,Laptop,Electronics,2,85000,0.0,Cash,Pending
ORD0766,2026-06-25,C011,Mehedi Hasan,Male,28,Chattogram,East,P012,USB Hub,Accessories,1,1800,10.0,Card,Pending
ORD0767,2026-04-22,C006,Mim Akter,Female,23,Khulna,South,P006,Keyboard,Electronics,2,2500,0.0,Card,Pending
ORD0768,2026-05-01,C012,Sumaiya Noor,Female,30,Dhaka,Central,P004,Office Chair,Furniture,2,12000,0.0,Card,Completed
ORD0769,2026-07-02,C004,Sadia Islam,Female,26,Sylhet,East,P004,Office Chair,Furniture,1,12000,0.0,Cash,Completed
ORD0770,2026-09-10,C011,Mehedi Hasan,Male,28,Chattogram,East,P011,Webcam,Electronics,1,5500,10.0,Cash,Pending
ORD0771,2026-06-11,C006,Mim Akter,Female,23,Khulna,South,P010,Bookshelf,Furniture,5,9500,10.0,bKash,Pending
ORD0772,2026-05-24,C003,Tanvir Hasan,Male,34,Dhaka,Central,P009,Mouse,Electronics,4,1500,0.0,Bank Transfer,Completed
ORD0773,2026-08-05,C001,Rahim Ahmed,Male,24,Dhaka,Central,P009,Mouse,Electronics,5,1500,10.0,Cash,Cancelled
ORD0774,2026-03-31,C006,Mim Akter,Female,23,Khulna,South,P007,Monitor,Electronics,5,22000,0.0,Bank Transfer,Pending
ORD0775,2026-01-05,C006,Mim Akter,Female,23,Khulna,South,P012,USB Hub,Accessories,1,1800,15.0,Card,Pending
ORD0776,2026-06-16,C010,Tania Sultana,Female,35,Rangpur,North,P002,Headphones,Electronics,3,3500,10.0,bKash,Completed
ORD0777,2026-05-02,C009,Sakib Khan,Male,22,Cumilla,East,P005,Desk,Furniture,2,18000,5.0,Bank Transfer,Completed
ORD0778,2026-09-13,C006,Mim Akter,Female,23,Khulna,South,P003,Smartphone,Electronics,4,45000,0.0,Nagad,Completed
ORD0779,2026-05-24,C006,Mim Akter,Female,23,Khulna,South,P007,Monitor,Electronics,5,22000,0.0,Bank Transfer,Completed
ORD0780,2026-04-28,C010,Tania Sultana,Female,35,Rangpur,North,P011,Webcam,Electronics,1,5500,15.0,bKash,Completed
ORD0781,2026-07-15,C009,Sakib Khan,Male,22,Cumilla,East,P007,Monitor,Electronics,2,22000,0.0,Card,Pending
ORD0782,2026-04-01,C013,Imran Kabir,Male,41,Rajshahi,North,P001,Laptop,Electronics,4,85000,5.0,Card,Cancelled
ORD0783,2026-06-11,C009,Sakib Khan,Male,22,Cumilla,East,P012,USB Hub,Accessories,5,1800,0.0,bKash,Cancelled
ORD0784,2026-01-25,C014,Rima Yasmin,Female,25,Khulna,South,P010,Bookshelf,Furniture,4,9500,0.0,Card,Completed
ORD0785,2026-09-01,C004,Sadia Islam,Female,26,Sylhet,East,P005,Desk,Furniture,1,18000,5.0,bKash,Completed
ORD0786,2026-05-12,C006,Mim Akter,Female,23,Khulna,South,P006,Keyboard,Electronics,3,2500,0.0,Nagad,Completed
ORD0787,2026-04-12,C006,Mim Akter,Female,23,Khulna,South,P011,Webcam,Electronics,1,5500,0.0,bKash,Completed
ORD0788,2026-09-07,C011,Mehedi Hasan,Male,28,Chattogram,East,P009,Mouse,Electronics,5,1500,0.0,Nagad,Cancelled
ORD0789,2026-03-16,C005,Fahim Rahman,Male,31,Rajshahi,North,P008,Backpack,Accessories,1,2800,15.0,bKash,Pending
ORD0790,2026-07-27,C011,Mehedi Hasan,Male,28,Chattogram,East,P010,Bookshelf,Furniture,1,9500,0.0,Card,Completed
ORD0791,2026-06-12,C004,Sadia Islam,Female,26,Sylhet,East,P006,Keyboard,Electronics,2,2500,15.0,bKash,Cancelled
ORD0792,2026-05-19,C011,Mehedi Hasan,Male,28,Chattogram,East,P007,Monitor,Electronics,5,22000,0.0,Bank Transfer,Cancelled
ORD0793,2026-03-27,C008,Jannatul Ferdous,Female,27,Barishal,South,P007,Monitor,Electronics,1,22000,0.0,Card,Completed
ORD0794,2026-02-10,C011,Mehedi Hasan,Male,28,Chattogram,East,P005,Desk,Furniture,2,18000,0.0,Nagad,Completed
ORD0795,2026-08-31,C002,Nusrat Jahan,Female,29,Chattogram,East,P002,Headphones,Electronics,1,3500,0.0,Nagad,Cancelled
ORD0796,2026-02-23,C013,Imran Kabir,Male,41,Rajshahi,North,P002,Headphones,Electronics,2,3500,10.0,Card,Completed
ORD0797,2026-06-08,C011,Mehedi Hasan,Male,28,Chattogram,East,P007,Monitor,Electronics,2,22000,0.0,bKash,Pending
ORD0798,2026-03-09,C011,Mehedi Hasan,Male,28,Chattogram,East,P003,Smartphone,Electronics,1,45000,0.0,Cash,Completed
ORD0799,2026-09-01,C014,Rima Yasmin,Female,25,Khulna,South,P006,Keyboard,Electronics,5,2500,10.0,bKash,Cancelled
ORD0800,2026-04-01,C008,Jannatul Ferdous,Female,27,Barishal,South,P003,Smartphone,Electronics,5,45000,15.0,Bank Transfer,Pending
ORD0801,2026-10-01,C009,Sakib Khan,Male,22,Cumilla,East,P011,Webcam,Electronics,2,5500,0.0,Nagad,Cancelled
ORD0802,2026-08-15,C004,Sadia Islam,Female,26,Sylhet,East,P002,Headphones,Electronics,2,3500,0.0,Nagad,Completed
ORD0803,2026-01-06,C003,Tanvir Hasan,Male,34,Dhaka,Central,P005,Desk,Furniture,1,18000,10.0,Card,Completed
ORD0804,2026-10-01,C005,Fahim Rahman,Male,31,Rajshahi,North,P008,Backpack,Accessories,1,2800,15.0,Nagad,Pending
ORD0805,2026-08-09,C005,Fahim Rahman,Male,31,Rajshahi,North,P001,Laptop,Electronics,2,85000,10.0,Card,Completed
ORD0806,2026-04-07,C009,Sakib Khan,Male,22,Cumilla,East,P006,Keyboard,Electronics,4,2500,10.0,Nagad,Pending
ORD0807,2026-07-19,C004,Sadia Islam,Female,26,Sylhet,East,P003,Smartphone,Electronics,4,45000,0.0,bKash,Completed
ORD0808,2026-05-03,C007,Arif Hossain,Male,38,Dhaka,Central,P011,Webcam,Electronics,2,5500,0.0,Bank Transfer,Completed
ORD0809,2026-02-05,C007,Arif Hossain,Male,38,Dhaka,Central,P004,Office Chair,Furniture,1,12000,0.0,bKash,Completed
ORD0810,2026-08-20,C011,Mehedi Hasan,Male,28,Chattogram,East,P008,Backpack,Accessories,2,2800,15.0,Bank Transfer,Pending
ORD0811,2026-01-10,C004,Sadia Islam,Female,26,Sylhet,East,P006,Keyboard,Electronics,1,2500,0.0,Bank Transfer,Completed
ORD0812,2026-05-25,C003,Tanvir Hasan,Male,34,Dhaka,Central,P002,Headphones,Electronics,2,3500,0.0,Nagad,Completed
ORD0813,2026-03-19,C004,Sadia Islam,Female,26,Sylhet,East,P002,Headphones,Electronics,1,3500,5.0,Card,Completed
ORD0814,2026-09-13,C007,Arif Hossain,Male,38,Dhaka,Central,P005,Desk,Furniture,3,18000,5.0,Cash,Completed
ORD0815,2026-01-29,C002,Nusrat Jahan,Female,29,Chattogram,East,P003,Smartphone,Electronics,2,45000,5.0,Cash,Cancelled
ORD0816,2026-04-09,C008,Jannatul Ferdous,Female,27,Barishal,South,P003,Smartphone,Electronics,2,45000,5.0,Cash,Completed
ORD0817,2026-05-08,C013,Imran Kabir,Male,41,Rajshahi,North,P012,USB Hub,Accessories,4,1800,5.0,Card,Completed
ORD0818,2026-02-18,C004,Sadia Islam,Female,26,Sylhet,East,P008,Backpack,Accessories,2,2800,5.0,Nagad,Completed
ORD0819,2026-03-23,C015,Nayeem Islam,Male,33,Sylhet,East,P006,Keyboard,Electronics,1,2500,15.0,Bank Transfer,Cancelled
ORD0820,2026-09-04,C002,Nusrat Jahan,Female,29,Chattogram,East,P005,Desk,Furniture,2,18000,0.0,bKash,Completed
ORD0821,2026-04-22,C014,Rima Yasmin,Female,25,Khulna,South,P011,Webcam,Electronics,1,5500,0.0,Nagad,Completed
ORD0822,2026-05-22,C001,Rahim Ahmed,Male,24,Dhaka,Central,P003,Smartphone,Electronics,1,45000,5.0,Card,Completed
ORD0823,2026-09-01,C001,Rahim Ahmed,Male,24,Dhaka,Central,P010,Bookshelf,Furniture,1,9500,0.0,Cash,Completed
ORD0824,2026-02-16,C003,Tanvir Hasan,Male,34,Dhaka,Central,P008,Backpack,Accessories,3,2800,15.0,Cash,Completed
ORD0825,2026-03-20,C006,Mim Akter,Female,23,Khulna,South,P011,Webcam,Electronics,1,5500,0.0,Nagad,Completed
ORD0826,2026-06-27,C006,Mim Akter,Female,23,Khulna,South,P009,Mouse,Electronics,5,1500,15.0,Card,Completed
ORD0827,2026-07-03,C012,Sumaiya Noor,Female,30,Dhaka,Central,P007,Monitor,Electronics,1,22000,0.0,Cash,Pending
ORD0828,2026-05-31,C012,Sumaiya Noor,Female,30,Dhaka,Central,P008,Backpack,Accessories,5,2800,0.0,Bank Transfer,Completed
ORD0829,2026-06-15,C009,Sakib Khan,Male,22,Cumilla,East,P006,Keyboard,Electronics,5,2500,0.0,Bank Transfer,Cancelled
ORD0830,2026-09-29,C003,Tanvir Hasan,Male,34,Dhaka,Central,P002,Headphones,Electronics,1,3500,5.0,bKash,Completed
ORD0831,2026-08-21,C009,Sakib Khan,Male,22,Cumilla,East,P006,Keyboard,Electronics,1,2500,15.0,Bank Transfer,Pending
ORD0832,2026-01-10,C012,Sumaiya Noor,Female,30,Dhaka,Central,P003,Smartphone,Electronics,3,45000,10.0,Card,Completed
ORD0833,2026-07-18,C012,Sumaiya Noor,Female,30,Dhaka,Central,P002,Headphones,Electronics,2,3500,10.0,Nagad,Cancelled
ORD0834,2026-05-25,C003,Tanvir Hasan,Male,34,Dhaka,Central,P010,Bookshelf,Furniture,3,9500,5.0,bKash,Completed
ORD0835,2026-02-04,C002,Nusrat Jahan,Female,29,Chattogram,East,P009,Mouse,Electronics,1,1500,0.0,Card,Completed
ORD0836,2026-09-06,C004,Sadia Islam,Female,26,Sylhet,East,P002,Headphones,Electronics,2,3500,0.0,Cash,Cancelled
ORD0837,2026-09-08,C011,Mehedi Hasan,Male,28,Chattogram,East,P007,Monitor,Electronics,2,22000,0.0,bKash,Completed
ORD0838,2026-02-06,C010,Tania Sultana,Female,35,Rangpur,North,P012,USB Hub,Accessories,1,1800,0.0,Nagad,Completed
ORD0839,2026-02-01,C008,Jannatul Ferdous,Female,27,Barishal,South,P011,Webcam,Electronics,3,5500,10.0,Nagad,Completed
ORD0840,2026-01-30,C013,Imran Kabir,Male,41,Rajshahi,North,P012,USB Hub,Accessories,2,1800,10.0,Cash,Completed
ORD0841,2026-02-09,C014,Rima Yasmin,Female,25,Khulna,South,P005,Desk,Furniture,2,18000,10.0,Cash,Completed
ORD0842,2026-09-30,C012,Sumaiya Noor,Female,30,Dhaka,Central,P004,Office Chair,Furniture,4,12000,0.0,Card,Cancelled
ORD0843,2026-04-02,C011,Mehedi Hasan,Male,28,Chattogram,East,P004,Office Chair,Furniture,4,12000,15.0,Cash,Cancelled
ORD0844,2026-08-23,C006,Mim Akter,Female,23,Khulna,South,P011,Webcam,Electronics,4,5500,0.0,Card,Completed
ORD0845,2026-09-16,C009,Sakib Khan,Male,22,Cumilla,East,P007,Monitor,Electronics,3,22000,15.0,Card,Cancelled
ORD0846,2026-06-30,C010,Tania Sultana,Female,35,Rangpur,North,P008,Backpack,Accessories,3,2800,10.0,bKash,Completed
ORD0847,2026-08-09,C007,Arif Hossain,Male,38,Dhaka,Central,P011,Webcam,Electronics,3,5500,10.0,Card,Cancelled
ORD0848,2026-07-12,C009,Sakib Khan,Male,22,Cumilla,East,P004,Office Chair,Furniture,2,12000,0.0,Nagad,Pending
ORD0849,2026-01-18,C007,Arif Hossain,Male,38,Dhaka,Central,P001,Laptop,Electronics,2,85000,10.0,Cash,Cancelled
ORD0850,2026-01-04,C003,Tanvir Hasan,Male,34,Dhaka,Central,P005,Desk,Furniture,2,18000,0.0,Card,Completed
ORD0851,2026-05-22,C001,Rahim Ahmed,Male,24,Dhaka,Central,P012,USB Hub,Accessories,1,1800,0.0,Cash,Pending
ORD0852,2026-03-12,C006,Mim Akter,Female,23,Khulna,South,P003,Smartphone,Electronics,2,45000,0.0,Bank Transfer,Completed
ORD0853,2026-06-03,C004,Sadia Islam,Female,26,Sylhet,East,P005,Desk,Furniture,1,18000,10.0,Nagad,Cancelled
ORD0854,2026-02-09,C015,Nayeem Islam,Male,33,Sylhet,East,P004,Office Chair,Furniture,3,12000,5.0,Card,Pending
ORD0855,2026-02-18,C014,Rima Yasmin,Female,25,Khulna,South,P012,USB Hub,Accessories,2,1800,0.0,Bank Transfer,Pending
ORD0856,2026-06-21,C002,Nusrat Jahan,Female,29,Chattogram,East,P001,Laptop,Electronics,3,85000,5.0,Nagad,Completed
ORD0857,2026-01-06,C014,Rima Yasmin,Female,25,Khulna,South,P004,Office Chair,Furniture,4,12000,0.0,bKash,Cancelled
ORD0858,2026-03-18,C001,Rahim Ahmed,Male,24,Dhaka,Central,P006,Keyboard,Electronics,3,2500,10.0,Card,Completed
ORD0859,2026-07-21,C001,Rahim Ahmed,Male,24,Dhaka,Central,P011,Webcam,Electronics,5,5500,10.0,Bank Transfer,Cancelled
ORD0860,2026-08-10,C002,Nusrat Jahan,Female,29,Chattogram,East,P004,Office Chair,Furniture,2,12000,5.0,Card,Completed
ORD0861,2026-09-01,C006,Mim Akter,Female,23,Khulna,South,P002,Headphones,Electronics,1,3500,10.0,Nagad,Completed
ORD0862,2026-09-14,C002,Nusrat Jahan,Female,29,Chattogram,East,P007,Monitor,Electronics,4,22000,15.0,Card,Completed
ORD0863,2026-04-12,C008,Jannatul Ferdous,Female,27,Barishal,South,P009,Mouse,Electronics,5,1500,5.0,Bank Transfer,Completed
ORD0864,2026-09-26,C009,Sakib Khan,Male,22,Cumilla,East,P010,Bookshelf,Furniture,2,9500,0.0,Cash,Completed
ORD0865,2026-06-15,C013,Imran Kabir,Male,41,Rajshahi,North,P007,Monitor,Electronics,1,22000,0.0,Nagad,Pending
ORD0866,2026-04-08,C006,Mim Akter,Female,23,Khulna,South,P006,Keyboard,Electronics,3,2500,0.0,Bank Transfer,Completed
ORD0867,2026-03-28,C013,Imran Kabir,Male,41,Rajshahi,North,P005,Desk,Furniture,3,18000,10.0,Nagad,Cancelled
ORD0868,2026-01-23,C003,Tanvir Hasan,Male,34,Dhaka,Central,P008,Backpack,Accessories,2,2800,0.0,bKash,Completed
ORD0869,2026-02-13,C013,Imran Kabir,Male,41,Rajshahi,North,P012,USB Hub,Accessories,1,1800,15.0,Cash,Completed
ORD0870,2026-05-28,C010,Tania Sultana,Female,35,Rangpur,North,P003,Smartphone,Electronics,1,45000,0.0,Cash,Completed
ORD0871,2026-01-12,C008,Jannatul Ferdous,Female,27,Barishal,South,P008,Backpack,Accessories,3,2800,0.0,Bank Transfer,Completed
ORD0872,2026-09-25,C004,Sadia Islam,Female,26,Sylhet,East,P009,Mouse,Electronics,2,1500,10.0,Nagad,Cancelled
ORD0873,2026-01-10,C012,Sumaiya Noor,Female,30,Dhaka,Central,P003,Smartphone,Electronics,4,45000,10.0,Bank Transfer,Completed
ORD0874,2026-01-31,C005,Fahim Rahman,Male,31,Rajshahi,North,P003,Smartphone,Electronics,2,45000,0.0,Bank Transfer,Completed
ORD0875,2026-01-05,C001,Rahim Ahmed,Male,24,Dhaka,Central,P008,Backpack,Accessories,1,2800,5.0,bKash,Completed
ORD0876,2026-01-10,C014,Rima Yasmin,Female,25,Khulna,South,P002,Headphones,Electronics,2,3500,15.0,Nagad,Completed
ORD0877,2026-02-20,C007,Arif Hossain,Male,38,Dhaka,Central,P009,Mouse,Electronics,3,1500,5.0,Bank Transfer,Cancelled
ORD0878,2026-04-12,C002,Nusrat Jahan,Female,29,Chattogram,East,P003,Smartphone,Electronics,5,45000,10.0,Cash,Completed
ORD0879,2026-06-06,C004,Sadia Islam,Female,26,Sylhet,East,P009,Mouse,Electronics,3,1500,5.0,Nagad,Completed
ORD0880,2026-06-30,C001,Rahim Ahmed,Male,24,Dhaka,Central,P006,Keyboard,Electronics,3,2500,15.0,bKash,Completed
ORD0881,2026-02-01,C009,Sakib Khan,Male,22,Cumilla,East,P005,Desk,Furniture,2,18000,5.0,Cash,Cancelled
ORD0882,2026-03-19,C005,Fahim Rahman,Male,31,Rajshahi,North,P004,Office Chair,Furniture,3,12000,5.0,Card,Completed
ORD0883,2026-09-24,C012,Sumaiya Noor,Female,30,Dhaka,Central,P007,Monitor,Electronics,2,22000,5.0,Card,Cancelled
ORD0884,2026-06-09,C003,Tanvir Hasan,Male,34,Dhaka,Central,P007,Monitor,Electronics,3,22000,5.0,Bank Transfer,Completed
ORD0885,2026-03-12,C004,Sadia Islam,Female,26,Sylhet,East,P011,Webcam,Electronics,2,5500,0.0,bKash,Cancelled
ORD0886,2026-08-09,C015,Nayeem Islam,Male,33,Sylhet,East,P003,Smartphone,Electronics,1,45000,15.0,Bank Transfer,Completed
ORD0887,2026-09-30,C006,Mim Akter,Female,23,Khulna,South,P002,Headphones,Electronics,1,3500,0.0,bKash,Completed
ORD0888,2026-06-13,C012,Sumaiya Noor,Female,30,Dhaka,Central,P001,Laptop,Electronics,4,85000,5.0,bKash,Pending
ORD0889,2026-05-21,C012,Sumaiya Noor,Female,30,Dhaka,Central,P011,Webcam,Electronics,1,5500,0.0,Cash,Completed
ORD0890,2026-05-17,C003,Tanvir Hasan,Male,34,Dhaka,Central,P001,Laptop,Electronics,2,85000,10.0,Card,Completed
ORD0891,2026-07-03,C011,Mehedi Hasan,Male,28,Chattogram,East,P001,Laptop,Electronics,1,85000,15.0,Nagad,Completed
ORD0892,2026-08-29,C009,Sakib Khan,Male,22,Cumilla,East,P010,Bookshelf,Furniture,3,9500,0.0,Nagad,Pending
ORD0893,2026-03-25,C008,Jannatul Ferdous,Female,27,Barishal,South,P003,Smartphone,Electronics,2,45000,0.0,Cash,Pending
ORD0894,2026-05-19,C013,Imran Kabir,Male,41,Rajshahi,North,P001,Laptop,Electronics,4,85000,0.0,Card,Completed
ORD0895,2026-08-13,C002,Nusrat Jahan,Female,29,Chattogram,East,P003,Smartphone,Electronics,5,45000,15.0,bKash,Pending
ORD0896,2026-08-07,C015,Nayeem Islam,Male,33,Sylhet,East,P004,Office Chair,Furniture,4,12000,0.0,Bank Transfer,Pending
ORD0897,2026-07-21,C012,Sumaiya Noor,Female,30,Dhaka,Central,P006,Keyboard,Electronics,1,2500,10.0,Cash,Pending
ORD0898,2026-05-06,C008,Jannatul Ferdous,Female,27,Barishal,South,P001,Laptop,Electronics,4,85000,15.0,Cash,Cancelled
ORD0899,2026-01-26,C007,Arif Hossain,Male,38,Dhaka,Central,P009,Mouse,Electronics,2,1500,0.0,Nagad,Pending
ORD0900,2026-05-27,C015,Nayeem Islam,Male,33,Sylhet,East,P005,Desk,Furniture,5,18000,0.0,Nagad,Completed
ORD0901,2026-09-22,C010,Tania Sultana,Female,35,Rangpur,North,P001,Laptop,Electronics,1,85000,5.0,Nagad,Completed
ORD0902,2026-02-27,C012,Sumaiya Noor,Female,30,Dhaka,Central,P009,Mouse,Electronics,1,1500,10.0,Bank Transfer,Completed
ORD0903,2026-06-15,C007,Arif Hossain,Male,38,Dhaka,Central,P007,Monitor,Electronics,5,22000,0.0,Card,Pending
ORD0904,2026-04-14,C010,Tania Sultana,Female,35,Rangpur,North,P012,USB Hub,Accessories,5,1800,0.0,bKash,Completed
ORD0905,2026-03-25,C012,Sumaiya Noor,Female,30,Dhaka,Central,P011,Webcam,Electronics,1,5500,0.0,Cash,Pending
ORD0906,2026-02-13,C011,Mehedi Hasan,Male,28,Chattogram,East,P006,Keyboard,Electronics,4,2500,15.0,Bank Transfer,Cancelled
ORD0907,2026-07-14,C003,Tanvir Hasan,Male,34,Dhaka,Central,P007,Monitor,Electronics,1,22000,0.0,bKash,Cancelled
ORD0908,2026-03-18,C014,Rima Yasmin,Female,25,Khulna,South,P011,Webcam,Electronics,1,5500,0.0,Card,Completed
ORD0909,2026-06-08,C007,Arif Hossain,Male,38,Dhaka,Central,P005,Desk,Furniture,5,18000,0.0,Card,Completed
ORD0910,2026-04-14,C015,Nayeem Islam,Male,33,Sylhet,East,P003,Smartphone,Electronics,1,45000,10.0,bKash,Completed
ORD0911,2026-09-13,C008,Jannatul Ferdous,Female,27,Barishal,South,P008,Backpack,Accessories,1,2800,10.0,Nagad,Completed
ORD0912,2026-09-01,C004,Sadia Islam,Female,26,Sylhet,East,P010,Bookshelf,Furniture,5,9500,5.0,Nagad,Completed
ORD0913,2026-01-04,C010,Tania Sultana,Female,35,Rangpur,North,P010,Bookshelf,Furniture,2,9500,10.0,bKash,Cancelled
ORD0914,2026-04-17,C011,Mehedi Hasan,Male,28,Chattogram,East,P009,Mouse,Electronics,1,1500,0.0,Card,Completed
ORD0915,2026-01-19,C011,Mehedi Hasan,Male,28,Chattogram,East,P006,Keyboard,Electronics,1,2500,0.0,Bank Transfer,Cancelled
ORD0916,2026-02-14,C005,Fahim Rahman,Male,31,Rajshahi,North,P006,Keyboard,Electronics,1,2500,0.0,Nagad,Completed
ORD0917,2026-05-26,C003,Tanvir Hasan,Male,34,Dhaka,Central,P011,Webcam,Electronics,1,5500,5.0,Bank Transfer,Completed
ORD0918,2026-02-17,C015,Nayeem Islam,Male,33,Sylhet,East,P001,Laptop,Electronics,2,85000,0.0,bKash,Pending
ORD0919,2026-08-07,C014,Rima Yasmin,Female,25,Khulna,South,P002,Headphones,Electronics,1,3500,0.0,Nagad,Completed
ORD0920,2026-05-21,C002,Nusrat Jahan,Female,29,Chattogram,East,P012,USB Hub,Accessories,3,1800,10.0,Nagad,Cancelled
ORD0921,2026-04-18,C004,Sadia Islam,Female,26,Sylhet,East,P012,USB Hub,Accessories,1,1800,0.0,Bank Transfer,Cancelled
ORD0922,2026-05-28,C002,Nusrat Jahan,Female,29,Chattogram,East,P008,Backpack,Accessories,4,2800,10.0,bKash,Completed
ORD0923,2026-07-01,C009,Sakib Khan,Male,22,Cumilla,East,P010,Bookshelf,Furniture,1,9500,10.0,Bank Transfer,Pending
ORD0924,2026-09-12,C009,Sakib Khan,Male,22,Cumilla,East,P012,USB Hub,Accessories,5,1800,0.0,Bank Transfer,Completed
ORD0925,2026-04-10,C012,Sumaiya Noor,Female,30,Dhaka,Central,P005,Desk,Furniture,1,18000,0.0,Cash,Pending
ORD0926,2026-04-17,C011,Mehedi Hasan,Male,28,Chattogram,East,P002,Headphones,Electronics,4,3500,5.0,Cash,Completed
ORD0927,2026-04-19,C006,Mim Akter,Female,23,Khulna,South,P009,Mouse,Electronics,1,1500,15.0,Card,Completed
ORD0928,2026-06-07,C005,Fahim Rahman,Male,31,Rajshahi,North,P002,Headphones,Electronics,2,3500,10.0,Bank Transfer,Completed
ORD0929,2026-02-28,C013,Imran Kabir,Male,41,Rajshahi,North,P001,Laptop,Electronics,3,85000,0.0,Nagad,Cancelled
ORD0930,2026-03-31,C010,Tania Sultana,Female,35,Rangpur,North,P001,Laptop,Electronics,2,85000,0.0,bKash,Pending
ORD0931,2026-01-19,C015,Nayeem Islam,Male,33,Sylhet,East,P008,Backpack,Accessories,1,2800,5.0,Card,Pending
ORD0932,2026-06-21,C015,Nayeem Islam,Male,33,Sylhet,East,P009,Mouse,Electronics,5,1500,5.0,Cash,Cancelled
ORD0933,2026-06-11,C005,Fahim Rahman,Male,31,Rajshahi,North,P010,Bookshelf,Furniture,1,9500,0.0,Bank Transfer,Completed
ORD0934,2026-02-03,C013,Imran Kabir,Male,41,Rajshahi,North,P006,Keyboard,Electronics,1,2500,0.0,Cash,Completed
ORD0935,2026-10-01,C007,Arif Hossain,Male,38,Dhaka,Central,P011,Webcam,Electronics,1,5500,10.0,Bank Transfer,Pending
ORD0936,2026-03-01,C003,Tanvir Hasan,Male,34,Dhaka,Central,P010,Bookshelf,Furniture,2,9500,15.0,bKash,Completed
ORD0937,2026-02-14,C005,Fahim Rahman,Male,31,Rajshahi,North,P007,Monitor,Electronics,5,22000,0.0,bKash,Pending
ORD0938,2026-04-21,C014,Rima Yasmin,Female,25,Khulna,South,P005,Desk,Furniture,2,18000,0.0,Cash,Completed
ORD0939,2026-04-14,C013,Imran Kabir,Male,41,Rajshahi,North,P001,Laptop,Electronics,1,85000,5.0,Bank Transfer,Completed
ORD0940,2026-09-14,C013,Imran Kabir,Male,41,Rajshahi,North,P008,Backpack,Accessories,1,2800,0.0,bKash,Pending
ORD0941,2026-06-08,C012,Sumaiya Noor,Female,30,Dhaka,Central,P009,Mouse,Electronics,3,1500,0.0,Cash,Cancelled
ORD0942,2026-04-16,C011,Mehedi Hasan,Male,28,Chattogram,East,P003,Smartphone,Electronics,1,45000,5.0,Nagad,Cancelled
ORD0943,2026-06-09,C002,Nusrat Jahan,Female,29,Chattogram,East,P001,Laptop,Electronics,1,85000,15.0,Bank Transfer,Completed
ORD0944,2026-01-24,C006,Mim Akter,Female,23,Khulna,South,P008,Backpack,Accessories,1,2800,10.0,bKash,Completed
ORD0945,2026-04-18,C010,Tania Sultana,Female,35,Rangpur,North,P005,Desk,Furniture,3,18000,0.0,Card,Completed
ORD0946,2026-06-13,C005,Fahim Rahman,Male,31,Rajshahi,North,P009,Mouse,Electronics,5,1500,15.0,Cash,Completed
ORD0947,2026-05-21,C003,Tanvir Hasan,Male,34,Dhaka,Central,P003,Smartphone,Electronics,1,45000,0.0,Bank Transfer,Cancelled
ORD0948,2026-04-16,C009,Sakib Khan,Male,22,Cumilla,East,P002,Headphones,Electronics,3,3500,10.0,bKash,Completed
ORD0949,2026-05-26,C003,Tanvir Hasan,Male,34,Dhaka,Central,P012,USB Hub,Accessories,2,1800,0.0,Cash,Completed
ORD0950,2026-08-16,C010,Tania Sultana,Female,35,Rangpur,North,P006,Keyboard,Electronics,1,2500,0.0,Cash,Pending
ORD0951,2026-01-26,C015,Nayeem Islam,Male,33,Sylhet,East,P011,Webcam,Electronics,1,5500,5.0,Cash,Completed
ORD0952,2026-04-02,C007,Arif Hossain,Male,38,Dhaka,Central,P007,Monitor,Electronics,5,22000,10.0,bKash,Completed
ORD0953,2026-10-01,C006,Mim Akter,Female,23,Khulna,South,P004,Office Chair,Furniture,1,12000,5.0,Bank Transfer,Completed
ORD0954,2026-08-28,C002,Nusrat Jahan,Female,29,Chattogram,East,P012,USB Hub,Accessories,1,1800,5.0,bKash,Pending
ORD0955,2026-04-25,C008,Jannatul Ferdous,Female,27,Barishal,South,P004,Office Chair,Furniture,1,12000,10.0,bKash,Completed
ORD0956,2026-06-19,C007,Arif Hossain,Male,38,Dhaka,Central,P003,Smartphone,Electronics,3,45000,5.0,Nagad,Completed
ORD0957,2026-02-27,C002,Nusrat Jahan,Female,29,Chattogram,East,P008,Backpack,Accessories,3,2800,5.0,Nagad,Completed
ORD0958,2026-03-07,C005,Fahim Rahman,Male,31,Rajshahi,North,P006,Keyboard,Electronics,1,2500,5.0,Cash,Completed
ORD0959,2026-02-06,C009,Sakib Khan,Male,22,Cumilla,East,P011,Webcam,Electronics,2,5500,10.0,Nagad,Pending
ORD0960,2026-05-03,C010,Tania Sultana,Female,35,Rangpur,North,P007,Monitor,Electronics,2,22000,10.0,Card,Pending
ORD0961,2026-06-24,C007,Arif Hossain,Male,38,Dhaka,Central,P002,Headphones,Electronics,2,3500,15.0,Bank Transfer,Pending
ORD0962,2026-06-25,C013,Imran Kabir,Male,41,Rajshahi,North,P007,Monitor,Electronics,2,22000,0.0,Cash,Cancelled
ORD0963,2026-02-28,C014,Rima Yasmin,Female,25,Khulna,South,P008,Backpack,Accessories,5,2800,0.0,Bank Transfer,Completed
ORD0964,2026-04-01,C014,Rima Yasmin,Female,25,Khulna,South,P008,Backpack,Accessories,2,2800,5.0,Cash,Cancelled
ORD0965,2026-07-14,C002,Nusrat Jahan,Female,29,Chattogram,East,P011,Webcam,Electronics,3,5500,5.0,Cash,Completed
ORD0966,2026-01-01,C004,Sadia Islam,Female,26,Sylhet,East,P003,Smartphone,Electronics,1,45000,15.0,Card,Pending
ORD0967,2026-07-19,C009,Sakib Khan,Male,22,Cumilla,East,P005,Desk,Furniture,5,18000,0.0,Card,Completed
ORD0968,2026-06-05,C005,Fahim Rahman,Male,31,Rajshahi,North,P010,Bookshelf,Furniture,4,9500,15.0,bKash,Completed
ORD0969,2026-09-19,C010,Tania Sultana,Female,35,Rangpur,North,P001,Laptop,Electronics,4,85000,0.0,bKash,Completed
ORD0970,2026-01-28,C006,Mim Akter,Female,23,Khulna,South,P009,Mouse,Electronics,1,1500,15.0,Bank Transfer,Completed
ORD0971,2026-01-16,C002,Nusrat Jahan,Female,29,Chattogram,East,P005,Desk,Furniture,2,18000,5.0,Bank Transfer,Pending
ORD0972,2026-07-15,C011,Mehedi Hasan,Male,28,Chattogram,East,P006,Keyboard,Electronics,4,2500,5.0,Nagad,Cancelled
ORD0973,2026-03-30,C004,Sadia Islam,Female,26,Sylhet,East,P011,Webcam,Electronics,5,5500,0.0,Card,Cancelled
ORD0974,2026-08-02,C007,Arif Hossain,Male,38,Dhaka,Central,P006,Keyboard,Electronics,1,2500,0.0,Card,Completed
ORD0975,2026-01-09,C001,Rahim Ahmed,Male,24,Dhaka,Central,P002,Headphones,Electronics,1,3500,15.0,Nagad,Pending
ORD0976,2026-03-12,C003,Tanvir Hasan,Male,34,Dhaka,Central,P002,Headphones,Electronics,4,3500,5.0,Bank Transfer,Pending
ORD0977,2026-08-21,C010,Tania Sultana,Female,35,Rangpur,North,P003,Smartphone,Electronics,4,45000,10.0,Nagad,Pending
ORD0978,2026-04-06,C006,Mim Akter,Female,23,Khulna,South,P004,Office Chair,Furniture,4,12000,10.0,Cash,Cancelled
ORD0979,2026-05-02,C008,Jannatul Ferdous,Female,27,Barishal,South,P012,USB Hub,Accessories,2,1800,5.0,Bank Transfer,Cancelled
ORD0980,2026-01-20,C006,Mim Akter,Female,23,Khulna,South,P001,Laptop,Electronics,5,85000,15.0,bKash,Completed
ORD0981,2026-02-10,C010,Tania Sultana,Female,35,Rangpur,North,P008,Backpack,Accessories,1,2800,15.0,Bank Transfer,Completed
ORD0982,2026-02-10,C008,Jannatul Ferdous,Female,27,Barishal,South,P009,Mouse,Electronics,1,1500,0.0,Nagad,Completed
ORD0983,2026-06-09,C011,Mehedi Hasan,Male,28,Chattogram,East,P011,Webcam,Electronics,1,5500,0.0,Bank Transfer,Completed
ORD0984,2026-09-20,C008,Jannatul Ferdous,Female,27,Barishal,South,P008,Backpack,Accessories,5,2800,10.0,bKash,Pending
ORD0985,2026-05-29,C006,Mim Akter,Female,23,Khulna,South,P005,Desk,Furniture,1,18000,0.0,Bank Transfer,Completed
ORD0986,2026-05-14,C012,Sumaiya Noor,Female,30,Dhaka,Central,P010,Bookshelf,Furniture,1,9500,15.0,Nagad,Cancelled
ORD0987,2026-01-27,C003,Tanvir Hasan,Male,34,Dhaka,Central,P010,Bookshelf,Furniture,2,9500,15.0,Bank Transfer,Completed
ORD0988,2026-02-12,C005,Fahim Rahman,Male,31,Rajshahi,North,P008,Backpack,Accessories,1,2800,10.0,Cash,Completed
ORD0989,2026-05-24,C005,Fahim Rahman,Male,31,Rajshahi,North,P003,Smartphone,Electronics,2,45000,0.0,Cash,Completed
ORD0990,2026-03-19,C010,Tania Sultana,Female,35,Rangpur,North,P003,Smartphone,Electronics,5,45000,0.0,Card,Completed
ORD0991,2026-05-01,C013,Imran Kabir,Male,41,Rajshahi,North,P012,USB Hub,Accessories,5,1800,0.0,Bank Transfer,Completed
ORD0992,2026-03-16,C006,Mim Akter,Female,23,Khulna,South,P002,Headphones,Electronics,1,3500,5.0,Nagad,Pending
ORD0993,2026-08-14,C004,Sadia Islam,Female,26,Sylhet,East,P011,Webcam,Electronics,1,5500,0.0,Bank Transfer,Completed
ORD0994,2026-05-16,C001,Rahim Ahmed,Male,24,Dhaka,Central,P011,Webcam,Electronics,1,5500,0.0,Card,Pending
ORD0995,2026-06-04,C007,Arif Hossain,Male,38,Dhaka,Central,P008,Backpack,Accessories,5,2800,15.0,Bank Transfer,Completed
ORD0996,2026-07-19,C007,Arif Hossain,Male,38,Dhaka,Central,P011,Webcam,Electronics,5,5500,0.0,Card,Cancelled
ORD0997,2026-01-07,C014,Rima Yasmin,Female,25,Khulna,South,P007,Monitor,Electronics,2,22000,5.0,Nagad,Completed
ORD0998,2026-01-22,C009,Sakib Khan,Male,22,Cumilla,East,P011,Webcam,Electronics,1,5500,10.0,bKash,Pending
ORD0999,2026-05-20,C010,Tania Sultana,Female,35,Rangpur,North,P011,Webcam,Electronics,3,5500,0.0,bKash,Completed
ORD1000,2026-07-20,C005,Fahim Rahman,Male,31,Rajshahi,North,P011,Webcam,Electronics,5,5500,15.0,Card,Cancelled
ORD1001,2026-09-24,C013,Imran Kabir,Male,41,Rajshahi,North,P004,Office Chair,Furniture,3,12000,15.0,Card,Completed
ORD1002,2026-01-05,C009,Sakib Khan,Male,22,Cumilla,East,P001,Laptop,Electronics,1,85000,0.0,Nagad,Completed
ORD1003,2026-08-17,C009,Sakib Khan,Male,22,Cumilla,East,P002,Headphones,Electronics,3,3500,0.0,bKash,Completed
ORD1004,2026-01-13,C004,Sadia Islam,Female,26,Sylhet,East,P001,Laptop,Electronics,1,85000,0.0,Bank Transfer,Completed
ORD1005,2026-03-04,C010,Tania Sultana,Female,35,Rangpur,North,P011,Webcam,Electronics,1,5500,0.0,Bank Transfer,Completed
ORD1006,2026-04-05,C007,Arif Hossain,Male,38,Dhaka,Central,P011,Webcam,Electronics,1,5500,15.0,Card,Completed
ORD1007,2026-02-08,C005,Fahim Rahman,Male,31,Rajshahi,North,P008,Backpack,Accessories,5,2800,0.0,Nagad,Completed
ORD1008,2026-02-07,C005,Fahim Rahman,Male,31,Rajshahi,North,P003,Smartphone,Electronics,2,45000,0.0,Nagad,Pending
ORD1009,2026-05-13,C006,Mim Akter,Female,23,Khulna,South,P001,Laptop,Electronics,2,85000,0.0,Nagad,Completed
ORD1010,2026-07-21,C008,Jannatul Ferdous,Female,27,Barishal,South,P004,Office Chair,Furniture,1,12000,15.0,Nagad,Completed
ORD1011,2026-08-09,C003,Tanvir Hasan,Male,34,Dhaka,Central,P009,Mouse,Electronics,2,1500,10.0,Cash,Pending
ORD1012,2026-02-22,C012,Sumaiya Noor,Female,30,Dhaka,Central,P005,Desk,Furniture,1,18000,0.0,Cash,Cancelled
ORD1013,2026-08-17,C012,Sumaiya Noor,Female,30,Dhaka,Central,P005,Desk,Furniture,1,18000,5.0,Card,Completed
ORD1014,2026-07-19,C015,Nayeem Islam,Male,33,Sylhet,East,P001,Laptop,Electronics,2,85000,0.0,bKash,Pending
ORD1015,2026-09-21,C010,Tania Sultana,Female,35,Rangpur,North,P001,Laptop,Electronics,5,85000,5.0,Nagad,Pending
ORD1016,2026-02-05,C014,Rima Yasmin,Female,25,Khulna,South,P012,USB Hub,Accessories,2,1800,0.0,Nagad,Pending
ORD1017,2026-07-03,C002,Nusrat Jahan,Female,29,Chattogram,East,P010,Bookshelf,Furniture,3,9500,15.0,bKash,Pending
ORD1018,2026-02-16,C001,Rahim Ahmed,Male,24,Dhaka,Central,P011,Webcam,Electronics,3,5500,10.0,bKash,Completed
ORD1019,2026-05-29,C014,Rima Yasmin,Female,25,Khulna,South,P008,Backpack,Accessories,2,2800,0.0,Bank Transfer,Completed
ORD1020,2026-04-08,C007,Arif Hossain,Male,38,Dhaka,Central,P011,Webcam,Electronics,2,5500,15.0,Nagad,Completed
ORD1021,2026-07-03,C011,Mehedi Hasan,Male,28,Chattogram,East,P012,USB Hub,Accessories,5,1800,0.0,Nagad,Completed
ORD1022,2026-04-09,C003,Tanvir Hasan,Male,34,Dhaka,Central,P001,Laptop,Electronics,1,85000,15.0,Bank Transfer,Completed
ORD1023,2026-02-02,C008,Jannatul Ferdous,Female,27,Barishal,South,P007,Monitor,Electronics,2,22000,5.0,Bank Transfer,Pending
ORD1024,2026-06-23,C001,Rahim Ahmed,Male,24,Dhaka,Central,P001,Laptop,Electronics,1,85000,0.0,Cash,Pending
ORD1025,2026-09-25,C002,Nusrat Jahan,Female,29,Chattogram,East,P004,Office Chair,Furniture,5,12000,15.0,Bank Transfer,Completed
ORD1026,2026-04-30,C012,Sumaiya Noor,Female,30,Dhaka,Central,P010,Bookshelf,Furniture,1,9500,0.0,Card,Pending
ORD1027,2026-08-30,C011,Mehedi Hasan,Male,28,Chattogram,East,P001,Laptop,Electronics,1,85000,0.0,Card,Completed
ORD1028,2026-01-26,C003,Tanvir Hasan,Male,34,Dhaka,Central,P011,Webcam,Electronics,2,5500,0.0,Nagad,Cancelled
ORD1029,2026-02-02,C003,Tanvir Hasan,Male,34,Dhaka,Central,P010,Bookshelf,Furniture,1,9500,0.0,Nagad,Cancelled
ORD1030,2026-04-23,C013,Imran Kabir,Male,41,Rajshahi,North,P010,Bookshelf,Furniture,1,9500,0.0,Nagad,Completed
ORD1031,2026-07-25,C013,Imran Kabir,Male,41,Rajshahi,North,P012,USB Hub,Accessories,3,1800,0.0,Bank Transfer,Cancelled
ORD1032,2026-04-20,C003,Tanvir Hasan,Male,34,Dhaka,Central,P006,Keyboard,Electronics,1,2500,10.0,Card,Completed
ORD1033,2026-05-21,C002,Nusrat Jahan,Female,29,Chattogram,East,P002,Headphones,Electronics,1,3500,5.0,Card,Completed
ORD1034,2026-08-13,C009,Sakib Khan,Male,22,Cumilla,East,P003,Smartphone,Electronics,2,45000,10.0,Cash,Completed
ORD1035,2026-07-12,C002,Nusrat Jahan,Female,29,Chattogram,East,P011,Webcam,Electronics,1,5500,0.0,Nagad,Completed
ORD1036,2026-04-02,C001,Rahim Ahmed,Male,24,Dhaka,Central,P001,Laptop,Electronics,1,85000,15.0,Bank Transfer,Completed
ORD1037,2026-09-01,C007,Arif Hossain,Male,38,Dhaka,Central,P012,USB Hub,Accessories,1,1800,0.0,Card,Completed
ORD1038,2026-07-30,C009,Sakib Khan,Male,22,Cumilla,East,P008,Backpack,Accessories,2,2800,0.0,Bank Transfer,Completed
ORD1039,2026-09-13,C010,Tania Sultana,Female,35,Rangpur,North,P003,Smartphone,Electronics,1,45000,15.0,bKash,Completed
ORD1040,2026-05-01,C007,Arif Hossain,Male,38,Dhaka,Central,P001,Laptop,Electronics,2,85000,0.0,Bank Transfer,Completed
ORD1041,2026-09-17,C010,Tania Sultana,Female,35,Rangpur,North,P006,Keyboard,Electronics,2,2500,5.0,Card,Completed
ORD1042,2026-02-27,C001,Rahim Ahmed,Male,24,Dhaka,Central,P004,Office Chair,Furniture,1,12000,15.0,Nagad,Pending
ORD1043,2026-01-23,C003,Tanvir Hasan,Male,34,Dhaka,Central,P003,Smartphone,Electronics,1,45000,15.0,bKash,Completed
ORD1044,2026-05-09,C004,Sadia Islam,Female,26,Sylhet,East,P007,Monitor,Electronics,3,22000,10.0,Nagad,Completed
ORD1045,2026-01-27,C002,Nusrat Jahan,Female,29,Chattogram,East,P012,USB Hub,Accessories,1,1800,0.0,Cash,Pending
ORD1046,2026-02-06,C009,Sakib Khan,Male,22,Cumilla,East,P002,Headphones,Electronics,2,3500,15.0,Nagad,Cancelled
ORD1047,2026-08-03,C010,Tania Sultana,Female,35,Rangpur,North,P006,Keyboard,Electronics,2,2500,15.0,bKash,Completed
ORD1048,2026-06-16,C013,Imran Kabir,Male,41,Rajshahi,North,P002,Headphones,Electronics,2,3500,0.0,Card,Pending
ORD1049,2026-07-12,C014,Rima Yasmin,Female,25,Khulna,South,P004,Office Chair,Furniture,2,12000,0.0,Nagad,Cancelled
ORD1050,2026-08-12,C008,Jannatul Ferdous,Female,27,Barishal,South,P001,Laptop,Electronics,1,85000,0.0,Bank Transfer,Pending
ORD1051,2026-07-11,C003,Tanvir Hasan,Male,34,Dhaka,Central,P007,Monitor,Electronics,1,22000,5.0,Card,Completed
ORD1052,2026-06-21,C005,Fahim Rahman,Male,31,Rajshahi,North,P004,Office Chair,Furniture,1,12000,0.0,Bank Transfer,Completed
ORD1053,2026-02-26,C005,Fahim Rahman,Male,31,Rajshahi,North,P003,Smartphone,Electronics,5,45000,5.0,Nagad,Completed
ORD1054,2026-04-23,C013,Imran Kabir,Male,41,Rajshahi,North,P006,Keyboard,Electronics,2,2500,10.0,Card,Cancelled
ORD1055,2026-04-28,C015,Nayeem Islam,Male,33,Sylhet,East,P003,Smartphone,Electronics,1,45000,5.0,Bank Transfer,Pending
ORD1056,2026-08-31,C014,Rima Yasmin,Female,25,Khulna,South,P004,Office Chair,Furniture,5,12000,0.0,Cash,Pending
ORD1057,2026-05-07,C012,Sumaiya Noor,Female,30,Dhaka,Central,P004,Office Chair,Furniture,3,12000,5.0,Bank Transfer,Completed
ORD1058,2026-03-18,C015,Nayeem Islam,Male,33,Sylhet,East,P010,Bookshelf,Furniture,1,9500,5.0,Cash,Completed
ORD1059,2026-09-16,C008,Jannatul Ferdous,Female,27,Barishal,South,P012,USB Hub,Accessories,1,1800,5.0,Bank Transfer,Pending
ORD1060,2026-02-20,C008,Jannatul Ferdous,Female,27,Barishal,South,P012,USB Hub,Accessories,5,1800,5.0,Card,Completed
ORD1061,2026-07-28,C009,Sakib Khan,Male,22,Cumilla,East,P001,Laptop,Electronics,2,85000,0.0,bKash,Completed
ORD1062,2026-02-16,C004,Sadia Islam,Female,26,Sylhet,East,P011,Webcam,Electronics,1,5500,5.0,bKash,Completed
ORD1063,2026-01-13,C012,Sumaiya Noor,Female,30,Dhaka,Central,P008,Backpack,Accessories,5,2800,5.0,Card,Pending
ORD1064,2026-08-26,C003,Tanvir Hasan,Male,34,Dhaka,Central,P006,Keyboard,Electronics,1,2500,15.0,Cash,Pending
ORD1065,2026-06-20,C015,Nayeem Islam,Male,33,Sylhet,East,P012,USB Hub,Accessories,1,1800,0.0,Nagad,Completed
ORD1066,2026-04-17,C012,Sumaiya Noor,Female,30,Dhaka,Central,P010,Bookshelf,Furniture,1,9500,10.0,bKash,Completed
ORD1067,2026-07-06,C009,Sakib Khan,Male,22,Cumilla,East,P011,Webcam,Electronics,1,5500,0.0,Nagad,Completed
ORD1068,2026-01-21,C008,Jannatul Ferdous,Female,27,Barishal,South,P010,Bookshelf,Furniture,3,9500,0.0,Card,Cancelled
ORD1069,2026-04-15,C012,Sumaiya Noor,Female,30,Dhaka,Central,P002,Headphones,Electronics,1,3500,0.0,Card,Cancelled
ORD1070,2026-09-02,C002,Nusrat Jahan,Female,29,Chattogram,East,P011,Webcam,Electronics,2,5500,15.0,Card,Completed
ORD1071,2026-09-15,C006,Mim Akter,Female,23,Khulna,South,P005,Desk,Furniture,4,18000,0.0,Cash,Completed
ORD1072,2026-08-20,C006,Mim Akter,Female,23,Khulna,South,P006,Keyboard,Electronics,5,2500,10.0,Bank Transfer,Completed
ORD1073,2026-09-30,C008,Jannatul Ferdous,Female,27,Barishal,South,P012,USB Hub,Accessories,2,1800,5.0,Bank Transfer,Completed
ORD1074,2026-02-03,C013,Imran Kabir,Male,41,Rajshahi,North,P011,Webcam,Electronics,2,5500,5.0,Cash,Completed
ORD1075,2026-05-28,C007,Arif Hossain,Male,38,Dhaka,Central,P003,Smartphone,Electronics,1,45000,0.0,Card,Completed
ORD1076,2026-03-17,C002,Nusrat Jahan,Female,29,Chattogram,East,P012,USB Hub,Accessories,5,1800,0.0,Card,Cancelled
ORD1077,2026-05-31,C011,Mehedi Hasan,Male,28,Chattogram,East,P001,Laptop,Electronics,4,85000,15.0,Bank Transfer,Completed
ORD1078,2026-08-04,C008,Jannatul Ferdous,Female,27,Barishal,South,P006,Keyboard,Electronics,5,2500,15.0,Cash,Completed
ORD1079,2026-01-12,C004,Sadia Islam,Female,26,Sylhet,East,P002,Headphones,Electronics,2,3500,10.0,bKash,Pending
ORD1080,2026-06-17,C010,Tania Sultana,Female,35,Rangpur,North,P006,Keyboard,Electronics,5,2500,10.0,Bank Transfer,Cancelled
ORD1081,2026-06-05,C008,Jannatul Ferdous,Female,27,Barishal,South,P008,Backpack,Accessories,1,2800,0.0,Card,Completed
ORD1082,2026-07-10,C004,Sadia Islam,Female,26,Sylhet,East,P008,Backpack,Accessories,2,2800,0.0,Card,Completed
ORD1083,2026-03-27,C005,Fahim Rahman,Male,31,Rajshahi,North,P008,Backpack,Accessories,1,2800,15.0,Bank Transfer,Completed
ORD1084,2026-03-20,C003,Tanvir Hasan,Male,34,Dhaka,Central,P003,Smartphone,Electronics,1,45000,0.0,Cash,Completed
ORD1085,2026-03-06,C006,Mim Akter,Female,23,Khulna,South,P010,Bookshelf,Furniture,5,9500,0.0,bKash,Completed
ORD1086,2026-01-18,C004,Sadia Islam,Female,26,Sylhet,East,P009,Mouse,Electronics,3,1500,0.0,Card,Completed
ORD1087,2026-03-25,C008,Jannatul Ferdous,Female,27,Barishal,South,P009,Mouse,Electronics,2,1500,0.0,Cash,Pending
ORD1088,2026-03-16,C015,Nayeem Islam,Male,33,Sylhet,East,P008,Backpack,Accessories,5,2800,0.0,Card,Completed
ORD1089,2026-09-17,C012,Sumaiya Noor,Female,30,Dhaka,Central,P009,Mouse,Electronics,3,1500,15.0,bKash,Pending
ORD1090,2026-03-17,C015,Nayeem Islam,Male,33,Sylhet,East,P005,Desk,Furniture,5,18000,0.0,Cash,Pending
ORD1091,2026-03-13,C015,Nayeem Islam,Male,33,Sylhet,East,P001,Laptop,Electronics,1,85000,0.0,Cash,Pending
ORD1092,2026-08-17,C010,Tania Sultana,Female,35,Rangpur,North,P004,Office Chair,Furniture,3,12000,0.0,bKash,Completed
ORD1093,2026-04-10,C010,Tania Sultana,Female,35,Rangpur,North,P011,Webcam,Electronics,2,5500,0.0,Card,Completed
ORD1094,2026-08-17,C002,Nusrat Jahan,Female,29,Chattogram,East,P009,Mouse,Electronics,1,1500,10.0,Nagad,Completed
ORD1095,2026-09-19,C008,Jannatul Ferdous,Female,27,Barishal,South,P006,Keyboard,Electronics,1,2500,15.0,bKash,Pending
ORD1096,2026-08-07,C003,Tanvir Hasan,Male,34,Dhaka,Central,P012,USB Hub,Accessories,3,1800,5.0,bKash,Completed
ORD1097,2026-06-29,C005,Fahim Rahman,Male,31,Rajshahi,North,P006,Keyboard,Electronics,2,2500,5.0,Bank Transfer,Completed
ORD1098,2026-08-16,C004,Sadia Islam,Female,26,Sylhet,East,P012,USB Hub,Accessories,4,1800,5.0,bKash,Completed
ORD1099,2026-08-06,C013,Imran Kabir,Male,41,Rajshahi,North,P012,USB Hub,Accessories,4,1800,0.0,Bank Transfer,Cancelled
ORD1100,2026-04-17,C002,Nusrat Jahan,Female,29,Chattogram,East,P003,Smartphone,Electronics,2,45000,5.0,Bank Transfer,Completed
ORD1101,2026-07-12,C002,Nusrat Jahan,Female,29,Chattogram,East,P010,Bookshelf,Furniture,1,9500,0.0,Nagad,Completed
ORD1102,2026-08-25,C007,Arif Hossain,Male,38,Dhaka,Central,P003,Smartphone,Electronics,1,45000,0.0,Card,Pending
ORD1103,2026-09-09,C005,Fahim Rahman,Male,31,Rajshahi,North,P009,Mouse,Electronics,1,1500,0.0,Bank Transfer,Completed
ORD1104,2026-08-26,C008,Jannatul Ferdous,Female,27,Barishal,South,P009,Mouse,Electronics,2,1500,0.0,Cash,Completed
ORD1105,2026-08-30,C005,Fahim Rahman,Male,31,Rajshahi,North,P005,Desk,Furniture,1,18000,15.0,bKash,Pending
ORD1106,2026-05-06,C003,Tanvir Hasan,Male,34,Dhaka,Central,P008,Backpack,Accessories,1,2800,0.0,bKash,Pending
ORD1107,2026-07-05,C002,Nusrat Jahan,Female,29,Chattogram,East,P010,Bookshelf,Furniture,5,9500,10.0,Nagad,Completed
ORD1108,2026-09-01,C011,Mehedi Hasan,Male,28,Chattogram,East,P011,Webcam,Electronics,1,5500,0.0,Bank Transfer,Cancelled
ORD1109,2026-03-25,C001,Rahim Ahmed,Male,24,Dhaka,Central,P005,Desk,Furniture,1,18000,0.0,bKash,Pending
ORD1110,2026-03-11,C015,Nayeem Islam,Male,33,Sylhet,East,P012,USB Hub,Accessories,3,1800,0.0,Cash,Completed
ORD1111,2026-07-02,C006,Mim Akter,Female,23,Khulna,South,P007,Monitor,Electronics,1,22000,0.0,bKash,Cancelled
ORD1112,2026-09-21,C011,Mehedi Hasan,Male,28,Chattogram,East,P002,Headphones,Electronics,2,3500,15.0,Card,Completed
ORD1113,2026-06-15,C010,Tania Sultana,Female,35,Rangpur,North,P003,Smartphone,Electronics,3,45000,15.0,bKash,Completed
ORD1114,2026-07-05,C011,Mehedi Hasan,Male,28,Chattogram,East,P012,USB Hub,Accessories,1,1800,10.0,Bank Transfer,Completed
ORD1115,2026-01-07,C014,Rima Yasmin,Female,25,Khulna,South,P003,Smartphone,Electronics,1,45000,10.0,bKash,Completed
ORD1116,2026-07-30,C013,Imran Kabir,Male,41,Rajshahi,North,P008,Backpack,Accessories,3,2800,0.0,Cash,Completed
ORD1117,2026-04-24,C003,Tanvir Hasan,Male,34,Dhaka,Central,P009,Mouse,Electronics,2,1500,10.0,Bank Transfer,Cancelled
ORD1118,2026-02-28,C014,Rima Yasmin,Female,25,Khulna,South,P009,Mouse,Electronics,4,1500,5.0,Cash,Completed
ORD1119,2026-01-09,C014,Rima Yasmin,Female,25,Khulna,South,P003,Smartphone,Electronics,5,45000,0.0,bKash,Completed
ORD1120,2026-09-25,C003,Tanvir Hasan,Male,34,Dhaka,Central,P008,Backpack,Accessories,3,2800,0.0,bKash,Completed
ORD1121,2026-04-24,C012,Sumaiya Noor,Female,30,Dhaka,Central,P002,Headphones,Electronics,1,3500,15.0,Card,Completed
ORD1122,2026-04-18,C005,Fahim Rahman,Male,31,Rajshahi,North,P003,Smartphone,Electronics,1,45000,0.0,Nagad,Completed
ORD1123,2026-09-05,C002,Nusrat Jahan,Female,29,Chattogram,East,P001,Laptop,Electronics,4,85000,0.0,Card,Completed
ORD1124,2026-09-20,C001,Rahim Ahmed,Male,24,Dhaka,Central,P011,Webcam,Electronics,1,5500,5.0,Cash,Completed
ORD1125,2026-06-04,C001,Rahim Ahmed,Male,24,Dhaka,Central,P002,Headphones,Electronics,1,3500,0.0,Cash,Cancelled
ORD1126,2026-04-13,C004,Sadia Islam,Female,26,Sylhet,East,P010,Bookshelf,Furniture,1,9500,15.0,bKash,Completed
ORD1127,2026-05-23,C002,Nusrat Jahan,Female,29,Chattogram,East,P003,Smartphone,Electronics,3,45000,0.0,Card,Cancelled
ORD1128,2026-05-04,C013,Imran Kabir,Male,41,Rajshahi,North,P012,USB Hub,Accessories,1,1800,0.0,Bank Transfer,Completed
ORD1129,2026-04-09,C009,Sakib Khan,Male,22,Cumilla,East,P004,Office Chair,Furniture,2,12000,0.0,Bank Transfer,Completed
ORD1130,2026-04-20,C012,Sumaiya Noor,Female,30,Dhaka,Central,P002,Headphones,Electronics,5,3500,0.0,Bank Transfer,Completed
ORD1131,2026-02-24,C008,Jannatul Ferdous,Female,27,Barishal,South,P011,Webcam,Electronics,1,5500,0.0,Nagad,Pending
ORD1132,2026-04-27,C004,Sadia Islam,Female,26,Sylhet,East,P009,Mouse,Electronics,4,1500,0.0,bKash,Completed
ORD1133,2026-09-24,C008,Jannatul Ferdous,Female,27,Barishal,South,P002,Headphones,Electronics,1,3500,5.0,bKash,Completed
ORD1134,2026-01-21,C009,Sakib Khan,Male,22,Cumilla,East,P012,USB Hub,Accessories,1,1800,0.0,Nagad,Completed
ORD1135,2026-08-22,C007,Arif Hossain,Male,38,Dhaka,Central,P005,Desk,Furniture,2,18000,15.0,Nagad,Completed
ORD1136,2026-05-29,C009,Sakib Khan,Male,22,Cumilla,East,P007,Monitor,Electronics,4,22000,0.0,Cash,Pending
ORD1137,2026-04-02,C011,Mehedi Hasan,Male,28,Chattogram,East,P006,Keyboard,Electronics,1,2500,15.0,Nagad,Completed
ORD1138,2026-09-25,C007,Arif Hossain,Male,38,Dhaka,Central,P008,Backpack,Accessories,1,2800,0.0,Card,Pending
ORD1139,2026-02-22,C007,Arif Hossain,Male,38,Dhaka,Central,P012,USB Hub,Accessories,1,1800,0.0,bKash,Completed
ORD1140,2026-07-26,C006,Mim Akter,Female,23,Khulna,South,P004,Office Chair,Furniture,1,12000,0.0,Nagad,Pending
ORD1141,2026-05-20,C005,Fahim Rahman,Male,31,Rajshahi,North,P012,USB Hub,Accessories,4,1800,0.0,Nagad,Cancelled
ORD1142,2026-09-19,C007,Arif Hossain,Male,38,Dhaka,Central,P008,Backpack,Accessories,2,2800,0.0,Nagad,Completed
ORD1143,2026-09-08,C002,Nusrat Jahan,Female,29,Chattogram,East,P005,Desk,Furniture,5,18000,0.0,Card,Completed
ORD1144,2026-01-28,C002,Nusrat Jahan,Female,29,Chattogram,East,P012,USB Hub,Accessories,1,1800,5.0,Cash,Completed
ORD1145,2026-06-17,C007,Arif Hossain,Male,38,Dhaka,Central,P010,Bookshelf,Furniture,1,9500,0.0,Bank Transfer,Cancelled
ORD1146,2026-09-24,C002,Nusrat Jahan,Female,29,Chattogram,East,P002,Headphones,Electronics,5,3500,5.0,Card,Completed
ORD1147,2026-09-09,C011,Mehedi Hasan,Male,28,Chattogram,East,P008,Backpack,Accessories,2,2800,10.0,bKash,Cancelled
ORD1148,2026-01-17,C009,Sakib Khan,Male,22,Cumilla,East,P001,Laptop,Electronics,4,85000,0.0,Nagad,Pending
ORD1149,2026-08-15,C006,Mim Akter,Female,23,Khulna,South,P007,Monitor,Electronics,5,22000,0.0,Cash,Completed
ORD1150,2026-06-05,C009,Sakib Khan,Male,22,Cumilla,East,P011,Webcam,Electronics,1,5500,5.0,Nagad,Completed
ORD1151,2026-07-19,C005,Fahim Rahman,Male,31,Rajshahi,North,P012,USB Hub,Accessories,5,1800,0.0,Bank Transfer,Pending
ORD1152,2026-08-29,C011,Mehedi Hasan,Male,28,Chattogram,East,P009,Mouse,Electronics,5,1500,10.0,Card,Cancelled
ORD1153,2026-05-15,C001,Rahim Ahmed,Male,24,Dhaka,Central,P007,Monitor,Electronics,5,22000,10.0,Nagad,Cancelled
ORD1154,2026-05-26,C011,Mehedi Hasan,Male,28,Chattogram,East,P006,Keyboard,Electronics,3,2500,0.0,Cash,Cancelled
ORD1155,2026-07-07,C001,Rahim Ahmed,Male,24,Dhaka,Central,P003,Smartphone,Electronics,3,45000,15.0,Bank Transfer,Completed
ORD1156,2026-06-24,C013,Imran Kabir,Male,41,Rajshahi,North,P011,Webcam,Electronics,4,5500,0.0,Nagad,Completed
ORD1157,2026-06-29,C006,Mim Akter,Female,23,Khulna,South,P007,Monitor,Electronics,1,22000,15.0,Card,Completed
ORD1158,2026-06-09,C004,Sadia Islam,Female,26,Sylhet,East,P011,Webcam,Electronics,1,5500,15.0,Cash,Completed
ORD1159,2026-03-28,C002,Nusrat Jahan,Female,29,Chattogram,East,P006,Keyboard,Electronics,1,2500,10.0,bKash,Completed
ORD1160,2026-08-05,C008,Jannatul Ferdous,Female,27,Barishal,South,P011,Webcam,Electronics,4,5500,0.0,Cash,Pending
ORD1161,2026-06-12,C010,Tania Sultana,Female,35,Rangpur,North,P001,Laptop,Electronics,4,85000,10.0,Nagad,Completed
ORD1162,2026-09-08,C010,Tania Sultana,Female,35,Rangpur,North,P002,Headphones,Electronics,1,3500,15.0,Card,Completed
ORD1163,2026-06-23,C008,Jannatul Ferdous,Female,27,Barishal,South,P009,Mouse,Electronics,1,1500,10.0,bKash,Completed
ORD1164,2026-09-12,C007,Arif Hossain,Male,38,Dhaka,Central,P004,Office Chair,Furniture,1,12000,10.0,Card,Completed
ORD1165,2026-06-02,C005,Fahim Rahman,Male,31,Rajshahi,North,P001,Laptop,Electronics,4,85000,0.0,Bank Transfer,Completed
ORD1166,2026-02-18,C012,Sumaiya Noor,Female,30,Dhaka,Central,P010,Bookshelf,Furniture,3,9500,0.0,Cash,Cancelled
ORD1167,2026-09-01,C013,Imran Kabir,Male,41,Rajshahi,North,P009,Mouse,Electronics,4,1500,0.0,bKash,Completed
ORD1168,2026-09-16,C011,Mehedi Hasan,Male,28,Chattogram,East,P005,Desk,Furniture,2,18000,5.0,Bank Transfer,Completed
ORD1169,2026-07-25,C004,Sadia Islam,Female,26,Sylhet,East,P007,Monitor,Electronics,2,22000,10.0,Bank Transfer,Pending
ORD1170,2026-04-03,C011,Mehedi Hasan,Male,28,Chattogram,East,P009,Mouse,Electronics,1,1500,15.0,Bank Transfer,Completed
ORD1171,2026-04-20,C010,Tania Sultana,Female,35,Rangpur,North,P008,Backpack,Accessories,5,2800,0.0,Bank Transfer,Cancelled
ORD1172,2026-01-31,C014,Rima Yasmin,Female,25,Khulna,South,P007,Monitor,Electronics,2,22000,0.0,Nagad,Completed
ORD1173,2026-06-03,C004,Sadia Islam,Female,26,Sylhet,East,P003,Smartphone,Electronics,4,45000,5.0,bKash,Completed
ORD1174,2026-07-31,C011,Mehedi Hasan,Male,28,Chattogram,East,P004,Office Chair,Furniture,2,12000,0.0,Card,Completed
ORD1175,2026-05-01,C011,Mehedi Hasan,Male,28,Chattogram,East,P010,Bookshelf,Furniture,4,9500,0.0,Cash,Completed
ORD1176,2026-05-06,C004,Sadia Islam,Female,26,Sylhet,East,P001,Laptop,Electronics,2,85000,5.0,Nagad,Cancelled
ORD1177,2026-01-19,C007,Arif Hossain,Male,38,Dhaka,Central,P007,Monitor,Electronics,2,22000,0.0,bKash,Completed
ORD1178,2026-05-23,C001,Rahim Ahmed,Male,24,Dhaka,Central,P005,Desk,Furniture,1,18000,15.0,Cash,Pending
ORD1179,2026-01-29,C013,Imran Kabir,Male,41,Rajshahi,North,P001,Laptop,Electronics,1,85000,0.0,Bank Transfer,Completed
ORD1180,2026-07-28,C014,Rima Yasmin,Female,25,Khulna,South,P002,Headphones,Electronics,3,3500,15.0,Cash,Pending
ORD1181,2026-03-13,C014,Rima Yasmin,Female,25,Khulna,South,P012,USB Hub,Accessories,2,1800,0.0,Bank Transfer,Cancelled
ORD1182,2026-09-25,C015,Nayeem Islam,Male,33,Sylhet,East,P002,Headphones,Electronics,2,3500,5.0,Cash,Completed
ORD1183,2026-06-10,C010,Tania Sultana,Female,35,Rangpur,North,P002,Headphones,Electronics,3,3500,10.0,Nagad,Completed
ORD1184,2026-04-22,C015,Nayeem Islam,Male,33,Sylhet,East,P007,Monitor,Electronics,1,22000,0.0,Card,Completed
ORD1185,2026-07-29,C005,Fahim Rahman,Male,31,Rajshahi,North,P008,Backpack,Accessories,2,2800,10.0,Cash,Pending
ORD1186,2026-02-27,C009,Sakib Khan,Male,22,Cumilla,East,P006,Keyboard,Electronics,3,2500,10.0,Nagad,Pending
ORD1187,2026-05-23,C011,Mehedi Hasan,Male,28,Chattogram,East,P004,Office Chair,Furniture,1,12000,0.0,Nagad,Completed
ORD1188,2026-01-11,C014,Rima Yasmin,Female,25,Khulna,South,P005,Desk,Furniture,1,18000,15.0,Cash,Completed
ORD1189,2026-07-16,C005,Fahim Rahman,Male,31,Rajshahi,North,P009,Mouse,Electronics,2,1500,15.0,bKash,Completed
ORD1190,2026-08-15,C009,Sakib Khan,Male,22,Cumilla,East,P004,Office Chair,Furniture,4,12000,0.0,Nagad,Completed
ORD1191,2026-05-01,C005,Fahim Rahman,Male,31,Rajshahi,North,P002,Headphones,Electronics,2,3500,0.0,Card,Pending
ORD1192,2026-07-28,C011,Mehedi Hasan,Male,28,Chattogram,East,P006,Keyboard,Electronics,1,2500,0.0,Cash,Pending
ORD1193,2026-07-31,C008,Jannatul Ferdous,Female,27,Barishal,South,P012,USB Hub,Accessories,3,1800,15.0,Nagad,Completed
ORD1194,2026-05-14,C014,Rima Yasmin,Female,25,Khulna,South,P003,Smartphone,Electronics,1,45000,0.0,Nagad,Cancelled
ORD1195,2026-06-17,C012,Sumaiya Noor,Female,30,Dhaka,Central,P009,Mouse,Electronics,5,1500,15.0,Cash,Completed
ORD1196,2026-04-05,C011,Mehedi Hasan,Male,28,Chattogram,East,P011,Webcam,Electronics,5,5500,15.0,Card,Completed
ORD1197,2026-06-06,C007,Arif Hossain,Male,38,Dhaka,Central,P004,Office Chair,Furniture,3,12000,10.0,Cash,Completed
ORD1198,2026-09-22,C003,Tanvir Hasan,Male,34,Dhaka,Central,P004,Office Chair,Furniture,1,12000,10.0,Nagad,Completed
ORD1199,2026-03-10,C008,Jannatul Ferdous,Female,27,Barishal,South,P008,Backpack,Accessories,2,2800,0.0,Bank Transfer,Completed
ORD1200,2026-04-12,C013,Imran Kabir,Male,41,Rajshahi,North,P005,Desk,Furniture,1,18000,5.0,bKash,Completed
